grenade_type,grenade_entity_id,x,y,z,tick,steamid,name
CSmokeGrenade,507,,,,1,76561198049602148,Moon
CSmokeGrenade,507,,,,2,76561198049602148,Moon
CSmokeGrenade,507,,,,3,76561198049602148,Moon
CSmokeGrenade,507,,,,4,76561198049602148,Moon
CSmokeGrenade,507,,,,5,76561198049602148,Moon
CSmokeGrenade,507,,,,6,76561198049602148,Moon
CSmokeGrenade,507,,,,7,76561198049602148,Moon
CSmokeGrenade,507,,,,8,76561198049602148,Moon
CSmokeGrenade,507,,,,9,76561198049602148,Moon
CSmokeGrenade,507,,,,10,76561198049602148,Moon
CSmokeGrenade,507,,,,11,76561198049602148,Moon
CSmokeGrenade,507,,,,12,76561198049602148,Moon
CSmokeGrenade,507,,,,13,76561198049602148,Moon
CSmokeGrenade,507,,,,14,76561198049602148,Moon
CSmokeGrenade,507,,,,15,76561198049602148,Moon
CSmokeGrenade,507,,,,16,76561198049602148,Moon
CSmokeGrenade,507,,,,17,76561198049602148,Moon
CSmokeGrenade,507,,,,18,76561198049602148,Moon
CSmokeGrenade,507,,,,19,76561198049602148,Moon
CSmokeGrenade,507,,,,20,76561198049602148,Moon
CSmokeGrenade,507,,,,21,76561198049602148,Moon
CSmokeGrenade,507,,,,22,76561198049602148,Moon
CSmokeGrenade,507,,,,23,76561198049602148,Moon
CSmokeGrenade,507,,,,24,76561198049602148,Moon
CSmokeGrenade,507,,,,25,76561198049602148,Moon
CSmokeGrenade,507,,,,26,76561198049602148,Moon
CSmokeGrenade,507,,,,27,76561198049602148,Moon
CSmokeGrenade,507,,,,28,76561198049602148,Moon
CSmokeGrenade,507,,,,29,76561198049602148,Moon
CSmokeGrenade,507,,,,30,76561198049602148,Moon
CSmokeGrenade,507,,,,31,76561198049602148,Moon
CSmokeGrenade,507,,,,32,76561198049602148,Moon
CSmokeGrenade,507,,,,33,76561198049602148,Moon
CSmokeGrenade,507,,,,34,76561198049602148,Moon
CSmokeGrenade,507,,,,35,76561198049602148,Moon
CSmokeGrenade,507,,,,36,76561198049602148,Moon
CSmokeGrenade,507,,,,37,76561198049602148,Moon
CSmokeGrenade,507,,,,38,76561198049602148,Moon
CSmokeGrenade,507,,,,39,76561198049602148,Moon
CSmokeGrenade,507,,,,40,76561198049602148,Moon
CSmokeGrenade,507,,,,41,76561198049602148,Moon
CSmokeGrenade,507,,,,42,76561198049602148,Moon
CSmokeGrenade,507,,,,43,76561198049602148,Moon
CSmokeGrenade,507,,,,44,76561198049602148,Moon
CSmokeGrenade,507,,,,45,76561198049602148,Moon
CSmokeGrenade,507,,,,46,76561198049602148,Moon
CSmokeGrenade,507,,,,47,76561198049602148,Moon
CSmokeGrenade,507,,,,48,76561198049602148,Moon
CSmokeGrenade,507,,,,49,76561198049602148,Moon
CSmokeGrenade,507,,,,50,76561198049602148,Moon
CSmokeGrenade,507,,,,51,76561198049602148,Moon
CSmokeGrenade,507,,,,52,76561198049602148,Moon
CSmokeGrenade,507,,,,53,76561198049602148,Moon
CSmokeGrenade,507,,,,54,76561198049602148,Moon
CSmokeGrenade,507,,,,55,76561198049602148,Moon
CSmokeGrenade,507,,,,56,76561198049602148,Moon
CSmokeGrenade,507,,,,57,76561198049602148,Moon
CSmokeGrenade,507,,,,58,76561198049602148,Moon
CSmokeGrenade,507,,,,59,76561198049602148,Moon
CSmokeGrenade,507,,,,60,76561198049602148,Moon
CSmokeGrenade,507,,,,61,76561198049602148,Moon
CSmokeGrenade,507,,,,62,76561198049602148,Moon
CSmokeGrenade,507,,,,63,76561198049602148,Moon
CSmokeGrenade,507,,,,64,76561198049602148,Moon
CFlashbang,308,,,,972,76561198171814417,Faat
CFlashbang,308,,,,973,76561198171814417,Faat
CFlashbang,308,,,,974,76561198171814417,Faat
CFlashbang,308,,,,975,76561198171814417,Faat
CFlashbang,308,,,,976,76561198171814417,Faat
CFlashbang,308,,,,977,76561198171814417,Faat
CFlashbang,308,,,,978,76561198171814417,Faat
CFlashbang,308,,,,979,76561198171814417,Faat
CFlashbang,308,,,,980,76561198171814417,Faat
CFlashbang,308,,,,981,76561198171814417,Faat
CFlashbang,308,,,,982,76561198171814417,Faat
CFlashbang,308,,,,983,76561198171814417,Faat
CFlashbang,308,,,,984,76561198171814417,Faat
CFlashbang,308,,,,985,76561198171814417,Faat
CFlashbang,308,,,,986,76561198171814417,Faat
CFlashbang,308,,,,987,76561198171814417,Faat
CFlashbang,308,,,,988,76561198171814417,Faat
CFlashbang,308,,,,989,76561198171814417,Faat
CFlashbang,308,,,,990,76561198171814417,Faat
CFlashbang,308,,,,991,76561198171814417,Faat
CFlashbang,308,,,,992,76561198171814417,Faat
CFlashbang,308,,,,993,76561198171814417,Faat
CFlashbang,308,,,,994,76561198171814417,Faat
CFlashbang,308,,,,995,76561198171814417,Faat
CFlashbang,308,,,,996,76561198171814417,Faat
CFlashbang,308,,,,997,76561198171814417,Faat
CFlashbang,308,,,,998,76561198171814417,Faat
CFlashbang,308,,,,999,76561198171814417,Faat
CFlashbang,308,,,,1000,76561198171814417,Faat
CFlashbang,308,,,,1001,76561198171814417,Faat
CFlashbang,308,,,,1002,76561198171814417,Faat
CFlashbang,308,,,,1003,76561198171814417,Faat
CFlashbang,308,,,,1004,76561198171814417,Faat
CFlashbang,308,,,,1005,76561198171814417,Faat
CFlashbang,308,,,,1006,76561198171814417,Faat
CFlashbang,308,,,,1007,76561198171814417,Faat
CFlashbang,308,,,,1008,76561198171814417,Faat
CFlashbang,308,,,,1009,76561198171814417,Faat
CFlashbang,308,,,,1010,76561198171814417,Faat
CFlashbang,308,,,,1011,76561198171814417,Faat
CFlashbang,308,,,,1012,76561198171814417,Faat
CFlashbang,308,,,,1013,76561198171814417,Faat
CFlashbang,308,,,,1014,76561198171814417,Faat
CFlashbang,308,,,,1015,76561198171814417,Faat
CFlashbang,308,,,,1016,76561198171814417,Faat
CFlashbang,308,,,,1017,76561198171814417,Faat
CFlashbang,308,,,,1018,76561198171814417,Faat
CFlashbang,308,,,,1019,76561198171814417,Faat
CFlashbang,308,,,,1020,76561198171814417,Faat
CFlashbang,308,,,,1021,76561198171814417,Faat
CFlashbang,308,,,,1022,76561198171814417,Faat
CFlashbang,308,,,,1023,76561198171814417,Faat
CFlashbang,308,,,,1024,76561198171814417,Faat
CSmokeGrenade,309,,,,1024,76561198171814417,Faat
CFlashbang,308,,,,1025,76561198171814417,Faat
CSmokeGrenade,309,,,,1025,76561198171814417,Faat
CFlashbang,308,,,,1026,76561198171814417,Faat
CSmokeGrenade,309,,,,1026,76561198171814417,Faat
CFlashbang,308,,,,1027,76561198171814417,Faat
CSmokeGrenade,309,,,,1027,76561198171814417,Faat
CFlashbang,308,,,,1028,76561198171814417,Faat
CSmokeGrenade,309,,,,1028,76561198171814417,Faat
CFlashbang,308,,,,1029,76561198171814417,Faat
CSmokeGrenade,309,,,,1029,76561198171814417,Faat
CFlashbang,308,,,,1030,76561198171814417,Faat
CSmokeGrenade,309,,,,1030,76561198171814417,Faat
CFlashbang,308,,,,1031,76561198171814417,Faat
CSmokeGrenade,309,,,,1031,76561198171814417,Faat
CFlashbang,308,,,,1032,76561198171814417,Faat
CSmokeGrenade,309,,,,1032,76561198171814417,Faat
CFlashbang,308,,,,1033,76561198171814417,Faat
CSmokeGrenade,309,,,,1033,76561198171814417,Faat
CFlashbang,308,,,,1034,76561198171814417,Faat
CSmokeGrenade,309,,,,1034,76561198171814417,Faat
CFlashbang,308,,,,1035,76561198171814417,Faat
CSmokeGrenade,309,,,,1035,76561198171814417,Faat
CFlashbang,308,,,,1036,76561198171814417,Faat
CSmokeGrenade,309,,,,1036,76561198171814417,Faat
CFlashbang,308,,,,1037,76561198171814417,Faat
CSmokeGrenade,309,,,,1037,76561198171814417,Faat
CFlashbang,308,,,,1038,76561198171814417,Faat
CSmokeGrenade,309,,,,1038,76561198171814417,Faat
CFlashbang,308,,,,1039,76561198171814417,Faat
CSmokeGrenade,309,,,,1039,76561198171814417,Faat
CFlashbang,308,,,,1040,76561198171814417,Faat
CSmokeGrenade,309,,,,1040,76561198171814417,Faat
CFlashbang,308,,,,1041,76561198171814417,Faat
CSmokeGrenade,309,,,,1041,76561198171814417,Faat
CFlashbang,308,,,,1042,76561198171814417,Faat
CSmokeGrenade,309,,,,1042,76561198171814417,Faat
CFlashbang,308,,,,1043,76561198171814417,Faat
CSmokeGrenade,309,,,,1043,76561198171814417,Faat
CFlashbang,308,,,,1044,76561198171814417,Faat
CSmokeGrenade,309,,,,1044,76561198171814417,Faat
CFlashbang,308,,,,1045,76561198171814417,Faat
CSmokeGrenade,309,,,,1045,76561198171814417,Faat
CFlashbang,308,,,,1046,76561198171814417,Faat
CSmokeGrenade,309,,,,1046,76561198171814417,Faat
CFlashbang,308,,,,1047,76561198171814417,Faat
CSmokeGrenade,309,,,,1047,76561198171814417,Faat
CFlashbang,308,,,,1048,76561198171814417,Faat
CSmokeGrenade,309,,,,1048,76561198171814417,Faat
CFlashbang,308,,,,1049,76561198171814417,Faat
CSmokeGrenade,309,,,,1049,76561198171814417,Faat
CFlashbang,308,,,,1050,76561198171814417,Faat
CSmokeGrenade,309,,,,1050,76561198171814417,Faat
CFlashbang,308,,,,1051,76561198171814417,Faat
CSmokeGrenade,309,,,,1051,76561198171814417,Faat
CFlashbang,308,,,,1052,76561198171814417,Faat
CSmokeGrenade,309,,,,1052,76561198171814417,Faat
CFlashbang,308,,,,1053,76561198171814417,Faat
CSmokeGrenade,309,,,,1053,76561198171814417,Faat
CFlashbang,308,,,,1054,76561198171814417,Faat
CSmokeGrenade,309,,,,1054,76561198171814417,Faat
CFlashbang,308,,,,1055,76561198171814417,Faat
CSmokeGrenade,309,,,,1055,76561198171814417,Faat
CFlashbang,308,,,,1056,76561198171814417,Faat
CSmokeGrenade,309,,,,1056,76561198171814417,Faat
CFlashbang,308,,,,1057,76561198171814417,Faat
CSmokeGrenade,309,,,,1057,76561198171814417,Faat
CFlashbang,308,,,,1058,76561198171814417,Faat
CSmokeGrenade,309,,,,1058,76561198171814417,Faat
CFlashbang,308,,,,1059,76561198171814417,Faat
CSmokeGrenade,309,,,,1059,76561198171814417,Faat
CFlashbang,308,,,,1060,76561198171814417,Faat
CSmokeGrenade,309,,,,1060,76561198171814417,Faat
CFlashbang,308,,,,1061,76561198171814417,Faat
CSmokeGrenade,309,,,,1061,76561198171814417,Faat
CFlashbang,308,,,,1062,76561198171814417,Faat
CSmokeGrenade,309,,,,1062,76561198171814417,Faat
CFlashbang,308,,,,1063,76561198171814417,Faat
CSmokeGrenade,309,,,,1063,76561198171814417,Faat
CFlashbang,308,,,,1064,76561198171814417,Faat
CSmokeGrenade,309,,,,1064,76561198171814417,Faat
CFlashbang,308,,,,1065,76561198171814417,Faat
CSmokeGrenade,309,,,,1065,76561198171814417,Faat
CFlashbang,308,,,,1066,76561198171814417,Faat
CSmokeGrenade,309,,,,1066,76561198171814417,Faat
CFlashbang,308,,,,1067,76561198171814417,Faat
CSmokeGrenade,309,,,,1067,76561198171814417,Faat
CFlashbang,308,,,,1068,76561198171814417,Faat
CSmokeGrenade,309,,,,1068,76561198171814417,Faat
CFlashbang,308,,,,1069,76561198171814417,Faat
CSmokeGrenade,309,,,,1069,76561198171814417,Faat
CFlashbang,308,,,,1070,76561198171814417,Faat
CSmokeGrenade,309,,,,1070,76561198171814417,Faat
CFlashbang,308,,,,1071,76561198171814417,Faat
CSmokeGrenade,309,,,,1071,76561198171814417,Faat
CFlashbang,308,,,,1072,76561198171814417,Faat
CSmokeGrenade,309,,,,1072,76561198171814417,Faat
CFlashbang,308,,,,1073,76561198171814417,Faat
CSmokeGrenade,309,,,,1073,76561198171814417,Faat
CFlashbang,308,,,,1074,76561198171814417,Faat
CSmokeGrenade,309,,,,1074,76561198171814417,Faat
CFlashbang,308,,,,1075,76561198171814417,Faat
CSmokeGrenade,309,,,,1075,76561198171814417,Faat
CFlashbang,308,,,,1076,76561198171814417,Faat
CSmokeGrenade,309,,,,1076,76561198171814417,Faat
CFlashbang,308,,,,1077,76561198171814417,Faat
CSmokeGrenade,309,,,,1077,76561198171814417,Faat
CFlashbang,308,,,,1078,76561198171814417,Faat
CSmokeGrenade,309,,,,1078,76561198171814417,Faat
CFlashbang,308,,,,1079,76561198171814417,Faat
CSmokeGrenade,309,,,,1079,76561198171814417,Faat
CFlashbang,308,,,,1080,76561198171814417,Faat
CSmokeGrenade,309,,,,1080,76561198171814417,Faat
CFlashbang,308,,,,1081,76561198171814417,Faat
CSmokeGrenade,309,,,,1081,76561198171814417,Faat
CFlashbang,308,,,,1082,76561198171814417,Faat
CSmokeGrenade,309,,,,1082,76561198171814417,Faat
CFlashbang,308,,,,1083,76561198171814417,Faat
CSmokeGrenade,309,,,,1083,76561198171814417,Faat
CFlashbang,308,,,,1084,76561198171814417,Faat
CSmokeGrenade,309,,,,1084,76561198171814417,Faat
CFlashbang,308,,,,1085,76561198171814417,Faat
CSmokeGrenade,309,,,,1085,76561198171814417,Faat
CFlashbang,308,,,,1086,76561198171814417,Faat
CSmokeGrenade,309,,,,1086,76561198171814417,Faat
CFlashbang,308,,,,1087,76561198171814417,Faat
CSmokeGrenade,309,,,,1087,76561198171814417,Faat
CFlashbang,308,,,,1088,76561198171814417,Faat
CSmokeGrenade,309,,,,1088,76561198171814417,Faat
CFlashbang,308,,,,1089,76561198171814417,Faat
CSmokeGrenade,309,,,,1089,76561198171814417,Faat
CFlashbang,308,,,,1090,76561198171814417,Faat
CSmokeGrenade,309,,,,1090,76561198171814417,Faat
CFlashbang,308,,,,1091,76561198171814417,Faat
CSmokeGrenade,309,,,,1091,76561198171814417,Faat
CFlashbang,308,,,,1092,76561198171814417,Faat
CSmokeGrenade,309,,,,1092,76561198171814417,Faat
CFlashbang,308,,,,1093,76561198171814417,Faat
CSmokeGrenade,309,,,,1093,76561198171814417,Faat
CFlashbang,308,,,,1094,76561198171814417,Faat
CSmokeGrenade,309,,,,1094,76561198171814417,Faat
CFlashbang,308,,,,1095,76561198171814417,Faat
CSmokeGrenade,309,,,,1095,76561198171814417,Faat
CFlashbang,308,,,,1096,76561198171814417,Faat
CSmokeGrenade,309,,,,1096,76561198171814417,Faat
CFlashbang,308,,,,1097,76561198171814417,Faat
CSmokeGrenade,309,,,,1097,76561198171814417,Faat
CFlashbang,308,,,,1098,76561198171814417,Faat
CSmokeGrenade,309,,,,1098,76561198171814417,Faat
CFlashbang,308,,,,1099,76561198171814417,Faat
CSmokeGrenade,309,,,,1099,76561198171814417,Faat
CFlashbang,308,,,,1100,76561198171814417,Faat
CSmokeGrenade,309,,,,1100,76561198171814417,Faat
CFlashbang,308,,,,1101,76561198171814417,Faat
CSmokeGrenade,309,,,,1101,76561198171814417,Faat
CFlashbang,308,,,,1102,76561198171814417,Faat
CSmokeGrenade,309,,,,1102,76561198171814417,Faat
CFlashbang,308,,,,1103,76561198171814417,Faat
CSmokeGrenade,309,,,,1103,76561198171814417,Faat
CFlashbang,308,,,,1104,76561198171814417,Faat
CSmokeGrenade,309,,,,1104,76561198171814417,Faat
CFlashbang,308,,,,1105,76561198171814417,Faat
CSmokeGrenade,309,,,,1105,76561198171814417,Faat
CFlashbang,308,,,,1106,76561198171814417,Faat
CSmokeGrenade,309,,,,1106,76561198171814417,Faat
CFlashbang,308,,,,1107,76561198171814417,Faat
CSmokeGrenade,309,,,,1107,76561198171814417,Faat
CFlashbang,308,,,,1108,76561198171814417,Faat
CSmokeGrenade,309,,,,1108,76561198171814417,Faat
CFlashbang,308,,,,1109,76561198171814417,Faat
CSmokeGrenade,309,,,,1109,76561198171814417,Faat
CFlashbang,308,,,,1110,76561198171814417,Faat
CSmokeGrenade,309,,,,1110,76561198171814417,Faat
CFlashbang,308,,,,1111,76561198171814417,Faat
CSmokeGrenade,309,,,,1111,76561198171814417,Faat
CFlashbang,308,,,,1112,76561198171814417,Faat
CSmokeGrenade,309,,,,1112,76561198171814417,Faat
CFlashbang,308,,,,1113,76561198171814417,Faat
CSmokeGrenade,309,,,,1113,76561198171814417,Faat
CFlashbang,308,,,,1114,76561198171814417,Faat
CSmokeGrenade,309,,,,1114,76561198171814417,Faat
CFlashbang,308,,,,1115,76561198171814417,Faat
CSmokeGrenade,309,,,,1115,76561198171814417,Faat
CFlashbang,308,,,,1116,76561198171814417,Faat
CSmokeGrenade,309,,,,1116,76561198171814417,Faat
CFlashbang,308,,,,1117,76561198171814417,Faat
CSmokeGrenade,309,,,,1117,76561198171814417,Faat
CFlashbang,308,,,,1118,76561198171814417,Faat
CSmokeGrenade,309,,,,1118,76561198171814417,Faat
CFlashbang,308,,,,1119,76561198171814417,Faat
CSmokeGrenade,309,,,,1119,76561198171814417,Faat
CFlashbang,308,,,,1120,76561198171814417,Faat
CSmokeGrenade,309,,,,1120,76561198171814417,Faat
CFlashbang,308,,,,1121,76561198171814417,Faat
CSmokeGrenade,309,,,,1121,76561198171814417,Faat
CFlashbang,308,,,,1122,76561198171814417,Faat
CSmokeGrenade,309,,,,1122,76561198171814417,Faat
CFlashbang,308,,,,1123,76561198171814417,Faat
CSmokeGrenade,309,,,,1123,76561198171814417,Faat
CFlashbang,308,,,,1124,76561198171814417,Faat
CSmokeGrenade,309,,,,1124,76561198171814417,Faat
CFlashbang,308,,,,1125,76561198171814417,Faat
CSmokeGrenade,309,,,,1125,76561198171814417,Faat
CFlashbang,308,,,,1126,76561198171814417,Faat
CSmokeGrenade,309,,,,1126,76561198171814417,Faat
CFlashbang,308,,,,1127,76561198171814417,Faat
CSmokeGrenade,309,,,,1127,76561198171814417,Faat
CFlashbang,308,,,,1128,76561198171814417,Faat
CSmokeGrenade,309,,,,1128,76561198171814417,Faat
CFlashbang,308,,,,1129,76561198171814417,Faat
CSmokeGrenade,309,,,,1129,76561198171814417,Faat
CFlashbang,308,,,,1130,76561198171814417,Faat
CSmokeGrenade,309,,,,1130,76561198171814417,Faat
CFlashbang,308,,,,1131,76561198171814417,Faat
CSmokeGrenade,309,,,,1131,76561198171814417,Faat
CFlashbang,308,,,,1132,76561198171814417,Faat
CSmokeGrenade,309,,,,1132,76561198171814417,Faat
CFlashbang,308,,,,1133,76561198171814417,Faat
CSmokeGrenade,309,,,,1133,76561198171814417,Faat
CFlashbang,308,,,,1134,76561198171814417,Faat
CSmokeGrenade,309,,,,1134,76561198171814417,Faat
CFlashbang,308,,,,1135,76561198171814417,Faat
CSmokeGrenade,309,,,,1135,76561198171814417,Faat
CFlashbang,308,,,,1136,76561198171814417,Faat
CSmokeGrenade,309,,,,1136,76561198171814417,Faat
CFlashbang,308,,,,1137,76561198171814417,Faat
CSmokeGrenade,309,,,,1137,76561198171814417,Faat
CFlashbang,308,,,,1138,76561198171814417,Faat
CSmokeGrenade,309,,,,1138,76561198171814417,Faat
CFlashbang,308,,,,1139,76561198171814417,Faat
CSmokeGrenade,309,,,,1139,76561198171814417,Faat
CFlashbang,308,,,,1140,76561198171814417,Faat
CSmokeGrenade,309,,,,1140,76561198171814417,Faat
CFlashbang,308,,,,1141,76561198171814417,Faat
CSmokeGrenade,309,,,,1141,76561198171814417,Faat
CFlashbang,308,,,,1142,76561198171814417,Faat
CSmokeGrenade,309,,,,1142,76561198171814417,Faat
CFlashbang,308,,,,1143,76561198171814417,Faat
CSmokeGrenade,309,,,,1143,76561198171814417,Faat
CFlashbang,308,,,,1144,76561198171814417,Faat
CSmokeGrenade,309,,,,1144,76561198171814417,Faat
CFlashbang,308,,,,1145,76561198171814417,Faat
CSmokeGrenade,309,,,,1145,76561198171814417,Faat
CFlashbang,308,,,,1146,76561198171814417,Faat
CSmokeGrenade,309,,,,1146,76561198171814417,Faat
CFlashbang,308,,,,1147,76561198171814417,Faat
CSmokeGrenade,309,,,,1147,76561198171814417,Faat
CFlashbang,308,,,,1148,76561198171814417,Faat
CSmokeGrenade,309,,,,1148,76561198171814417,Faat
CFlashbang,308,,,,1149,76561198171814417,Faat
CSmokeGrenade,309,,,,1149,76561198171814417,Faat
CFlashbang,308,,,,1150,76561198171814417,Faat
CSmokeGrenade,309,,,,1150,76561198171814417,Faat
CFlashbang,308,,,,1151,76561198171814417,Faat
CSmokeGrenade,309,,,,1151,76561198171814417,Faat
CFlashbang,308,,,,1152,76561198171814417,Faat
CSmokeGrenade,309,,,,1152,76561198171814417,Faat
CFlashbang,308,,,,1153,76561198171814417,Faat
CSmokeGrenade,309,,,,1153,76561198171814417,Faat
CFlashbang,308,,,,1154,76561198171814417,Faat
CSmokeGrenade,309,,,,1154,76561198171814417,Faat
CFlashbang,308,,,,1155,76561198171814417,Faat
CSmokeGrenade,309,,,,1155,76561198171814417,Faat
CFlashbang,308,,,,1156,76561198171814417,Faat
CSmokeGrenade,309,,,,1156,76561198171814417,Faat
CFlashbang,308,,,,1157,76561198171814417,Faat
CSmokeGrenade,309,,,,1157,76561198171814417,Faat
CFlashbang,308,,,,1158,76561198171814417,Faat
CSmokeGrenade,309,,,,1158,76561198171814417,Faat
CFlashbang,308,,,,1159,76561198171814417,Faat
CSmokeGrenade,309,,,,1159,76561198171814417,Faat
CFlashbang,308,,,,1160,76561198171814417,Faat
CSmokeGrenade,309,,,,1160,76561198171814417,Faat
CFlashbang,308,,,,1161,76561198171814417,Faat
CSmokeGrenade,309,,,,1161,76561198171814417,Faat
CFlashbang,308,,,,1162,76561198171814417,Faat
CSmokeGrenade,309,,,,1162,76561198171814417,Faat
CFlashbang,308,,,,1163,76561198171814417,Faat
CSmokeGrenade,309,,,,1163,76561198171814417,Faat
CFlashbang,308,,,,1164,76561198171814417,Faat
CSmokeGrenade,309,,,,1164,76561198171814417,Faat
CFlashbang,308,,,,1165,76561198171814417,Faat
CSmokeGrenade,309,,,,1165,76561198171814417,Faat
CFlashbang,308,,,,1166,76561198171814417,Faat
CSmokeGrenade,309,,,,1166,76561198171814417,Faat
CFlashbang,308,,,,1167,76561198171814417,Faat
CSmokeGrenade,309,,,,1167,76561198171814417,Faat
CFlashbang,308,,,,1168,76561198171814417,Faat
CSmokeGrenade,309,,,,1168,76561198171814417,Faat
CFlashbang,308,,,,1169,76561198171814417,Faat
CSmokeGrenade,309,,,,1169,76561198171814417,Faat
CFlashbang,308,,,,1170,76561198171814417,Faat
CSmokeGrenade,309,,,,1170,76561198171814417,Faat
CFlashbang,308,,,,1171,76561198171814417,Faat
CSmokeGrenade,309,,,,1171,76561198171814417,Faat
CFlashbang,308,,,,1172,76561198171814417,Faat
CSmokeGrenade,309,,,,1172,76561198171814417,Faat
CFlashbang,308,,,,1173,76561198171814417,Faat
CSmokeGrenade,309,,,,1173,76561198171814417,Faat
CFlashbang,308,,,,1174,76561198171814417,Faat
CSmokeGrenade,309,,,,1174,76561198171814417,Faat
CFlashbang,308,,,,1175,76561198171814417,Faat
CSmokeGrenade,309,,,,1175,76561198171814417,Faat
CFlashbang,308,,,,1176,76561198171814417,Faat
CSmokeGrenade,309,,,,1176,76561198171814417,Faat
CFlashbang,308,,,,1177,76561198171814417,Faat
CSmokeGrenade,309,,,,1177,76561198171814417,Faat
CFlashbang,308,,,,1178,76561198171814417,Faat
CSmokeGrenade,309,,,,1178,76561198171814417,Faat
CFlashbang,308,,,,1179,76561198171814417,Faat
CSmokeGrenade,309,,,,1179,76561198171814417,Faat
CFlashbang,308,,,,1180,76561198171814417,Faat
CSmokeGrenade,309,,,,1180,76561198171814417,Faat
CFlashbang,308,,,,1181,76561198171814417,Faat
CSmokeGrenade,309,,,,1181,76561198171814417,Faat
CFlashbang,308,,,,1182,76561198171814417,Faat
CSmokeGrenade,309,,,,1182,76561198171814417,Faat
CFlashbang,308,,,,1183,76561198171814417,Faat
CSmokeGrenade,309,,,,1183,76561198171814417,Faat
CFlashbang,308,,,,1184,76561198171814417,Faat
CSmokeGrenade,309,,,,1184,76561198171814417,Faat
CFlashbang,308,,,,1185,76561198171814417,Faat
CSmokeGrenade,309,,,,1185,76561198171814417,Faat
CFlashbang,308,,,,1186,76561198171814417,Faat
CSmokeGrenade,309,,,,1186,76561198171814417,Faat
CFlashbang,308,,,,1187,76561198171814417,Faat
CSmokeGrenade,309,,,,1187,76561198171814417,Faat
CFlashbang,308,,,,1188,76561198171814417,Faat
CSmokeGrenade,309,,,,1188,76561198171814417,Faat
CFlashbang,308,,,,1189,76561198171814417,Faat
CSmokeGrenade,309,,,,1189,76561198171814417,Faat
CFlashbang,308,,,,1190,76561198171814417,Faat
CSmokeGrenade,309,,,,1190,76561198171814417,Faat
CFlashbang,308,,,,1191,76561198171814417,Faat
CSmokeGrenade,309,,,,1191,76561198171814417,Faat
CFlashbang,308,,,,1192,76561198171814417,Faat
CSmokeGrenade,309,,,,1192,76561198171814417,Faat
CFlashbang,308,,,,1193,76561198171814417,Faat
CSmokeGrenade,309,,,,1193,76561198171814417,Faat
CFlashbang,308,,,,1194,76561198171814417,Faat
CSmokeGrenade,309,,,,1194,76561198171814417,Faat
CFlashbang,308,,,,1195,76561198171814417,Faat
CSmokeGrenade,309,,,,1195,76561198171814417,Faat
CFlashbang,308,,,,1196,76561198171814417,Faat
CSmokeGrenade,309,,,,1196,76561198171814417,Faat
CFlashbang,308,,,,1197,76561198171814417,Faat
CSmokeGrenade,309,,,,1197,76561198171814417,Faat
CFlashbang,308,,,,1198,76561198171814417,Faat
CSmokeGrenade,309,,,,1198,76561198171814417,Faat
CFlashbang,308,,,,1199,76561198171814417,Faat
CSmokeGrenade,309,,,,1199,76561198171814417,Faat
CFlashbang,308,,,,1200,76561198171814417,Faat
CSmokeGrenade,309,,,,1200,76561198171814417,Faat
CFlashbang,308,,,,1201,76561198171814417,Faat
CSmokeGrenade,309,,,,1201,76561198171814417,Faat
CFlashbang,308,,,,1202,76561198171814417,Faat
CSmokeGrenade,309,,,,1202,76561198171814417,Faat
CFlashbang,308,,,,1203,76561198171814417,Faat
CSmokeGrenade,309,,,,1203,76561198171814417,Faat
CFlashbang,308,,,,1204,76561198171814417,Faat
CSmokeGrenade,309,,,,1204,76561198171814417,Faat
CFlashbang,308,,,,1205,76561198171814417,Faat
CSmokeGrenade,309,,,,1205,76561198171814417,Faat
CFlashbang,308,,,,1206,76561198171814417,Faat
CSmokeGrenade,309,,,,1206,76561198171814417,Faat
CFlashbang,308,,,,1207,76561198171814417,Faat
CSmokeGrenade,309,,,,1207,76561198171814417,Faat
CFlashbang,308,,,,1208,76561198171814417,Faat
CSmokeGrenade,309,,,,1208,76561198171814417,Faat
CFlashbang,308,,,,1209,76561198171814417,Faat
CSmokeGrenade,309,,,,1209,76561198171814417,Faat
CFlashbang,308,,,,1210,76561198171814417,Faat
CSmokeGrenade,309,,,,1210,76561198171814417,Faat
CFlashbang,308,,,,1211,76561198171814417,Faat
CSmokeGrenade,309,,,,1211,76561198171814417,Faat
CFlashbang,308,,,,1212,76561198171814417,Faat
CSmokeGrenade,309,,,,1212,76561198171814417,Faat
CFlashbang,308,,,,1213,76561198171814417,Faat
CSmokeGrenade,309,,,,1213,76561198171814417,Faat
CFlashbang,308,,,,1214,76561198171814417,Faat
CSmokeGrenade,309,,,,1214,76561198171814417,Faat
CFlashbang,308,,,,1215,76561198171814417,Faat
CSmokeGrenade,309,,,,1215,76561198171814417,Faat
CFlashbang,308,,,,1216,76561198171814417,Faat
CSmokeGrenade,309,,,,1216,76561198171814417,Faat
CFlashbang,308,,,,1217,76561198171814417,Faat
CSmokeGrenade,309,,,,1217,76561198171814417,Faat
CFlashbang,308,,,,1218,76561198171814417,Faat
CSmokeGrenade,309,,,,1218,76561198171814417,Faat
CFlashbang,308,,,,1219,76561198171814417,Faat
CSmokeGrenade,309,,,,1219,76561198171814417,Faat
CFlashbang,308,,,,1220,76561198171814417,Faat
CSmokeGrenade,309,,,,1220,76561198171814417,Faat
CFlashbang,308,,,,1221,76561198171814417,Faat
CSmokeGrenade,309,,,,1221,76561198171814417,Faat
CFlashbang,308,,,,1222,76561198171814417,Faat
CSmokeGrenade,309,,,,1222,76561198171814417,Faat
CFlashbang,308,,,,1223,76561198171814417,Faat
CSmokeGrenade,309,,,,1223,76561198171814417,Faat
CFlashbang,308,,,,1224,76561198171814417,Faat
CSmokeGrenade,309,,,,1224,76561198171814417,Faat
CFlashbang,308,,,,1225,76561198171814417,Faat
CSmokeGrenade,309,,,,1225,76561198171814417,Faat
CFlashbang,308,,,,1226,76561198171814417,Faat
CSmokeGrenade,309,,,,1226,76561198171814417,Faat
CFlashbang,308,,,,1227,76561198171814417,Faat
CSmokeGrenade,309,,,,1227,76561198171814417,Faat
CFlashbang,308,,,,1228,76561198171814417,Faat
CSmokeGrenade,309,,,,1228,76561198171814417,Faat
CFlashbang,308,,,,1229,76561198171814417,Faat
CSmokeGrenade,309,,,,1229,76561198171814417,Faat
CFlashbang,308,,,,1230,76561198171814417,Faat
CSmokeGrenade,309,,,,1230,76561198171814417,Faat
CFlashbang,308,,,,1231,76561198171814417,Faat
CSmokeGrenade,309,,,,1231,76561198171814417,Faat
CFlashbang,308,,,,1232,76561198171814417,Faat
CSmokeGrenade,309,,,,1232,76561198171814417,Faat
CFlashbang,308,,,,1233,76561198171814417,Faat
CSmokeGrenade,309,,,,1233,76561198171814417,Faat
CFlashbang,308,,,,1234,76561198171814417,Faat
CSmokeGrenade,309,,,,1234,76561198171814417,Faat
CFlashbang,308,,,,1235,76561198171814417,Faat
CSmokeGrenade,309,,,,1235,76561198171814417,Faat
CFlashbang,308,,,,1236,76561198171814417,Faat
CSmokeGrenade,309,,,,1236,76561198171814417,Faat
CFlashbang,308,,,,1237,76561198171814417,Faat
CSmokeGrenade,309,,,,1237,76561198171814417,Faat
CFlashbang,308,,,,1238,76561198171814417,Faat
CSmokeGrenade,309,,,,1238,76561198171814417,Faat
CFlashbang,308,,,,1239,76561198171814417,Faat
CSmokeGrenade,309,,,,1239,76561198171814417,Faat
CFlashbang,308,,,,1240,76561198171814417,Faat
CSmokeGrenade,309,,,,1240,76561198171814417,Faat
CFlashbang,308,,,,1241,76561198171814417,Faat
CSmokeGrenade,309,,,,1241,76561198171814417,Faat
CFlashbang,308,,,,1242,76561198171814417,Faat
CSmokeGrenade,309,,,,1242,76561198171814417,Faat
CFlashbang,308,,,,1243,76561198171814417,Faat
CSmokeGrenade,309,,,,1243,76561198171814417,Faat
CFlashbang,308,,,,1244,76561198171814417,Faat
CSmokeGrenade,309,,,,1244,76561198171814417,Faat
CFlashbang,308,,,,1245,76561198171814417,Faat
CSmokeGrenade,309,,,,1245,76561198171814417,Faat
CFlashbang,308,,,,1246,76561198171814417,Faat
CSmokeGrenade,309,,,,1246,76561198171814417,Faat
CFlashbang,308,,,,1247,76561198171814417,Faat
CSmokeGrenade,309,,,,1247,76561198171814417,Faat
CFlashbang,308,,,,1248,76561198171814417,Faat
CSmokeGrenade,309,,,,1248,76561198171814417,Faat
CFlashbang,308,,,,1249,76561198171814417,Faat
CSmokeGrenade,309,,,,1249,76561198171814417,Faat
CFlashbang,308,,,,1250,76561198171814417,Faat
CSmokeGrenade,309,,,,1250,76561198171814417,Faat
CFlashbang,308,,,,1251,76561198171814417,Faat
CSmokeGrenade,309,,,,1251,76561198171814417,Faat
CFlashbang,308,,,,1252,76561198171814417,Faat
CSmokeGrenade,309,,,,1252,76561198171814417,Faat
CFlashbang,308,,,,1253,76561198171814417,Faat
CSmokeGrenade,309,,,,1253,76561198171814417,Faat
CFlashbang,308,,,,1254,76561198171814417,Faat
CSmokeGrenade,309,,,,1254,76561198171814417,Faat
CHEGrenade,310,,,,1254,76561198002613044,frees.tyler
CFlashbang,308,,,,1255,76561198171814417,Faat
CSmokeGrenade,309,,,,1255,76561198171814417,Faat
CHEGrenade,310,,,,1255,76561198002613044,frees.tyler
CFlashbang,308,,,,1256,76561198171814417,Faat
CSmokeGrenade,309,,,,1256,76561198171814417,Faat
CHEGrenade,310,,,,1256,76561198002613044,frees.tyler
CFlashbang,308,,,,1257,76561198171814417,Faat
CSmokeGrenade,309,,,,1257,76561198171814417,Faat
CHEGrenade,310,,,,1257,76561198002613044,frees.tyler
CFlashbang,308,,,,1258,76561198171814417,Faat
CSmokeGrenade,309,,,,1258,76561198171814417,Faat
CHEGrenade,310,,,,1258,76561198002613044,frees.tyler
CFlashbang,308,,,,1259,76561198171814417,Faat
CSmokeGrenade,309,,,,1259,76561198171814417,Faat
CHEGrenade,310,,,,1259,76561198002613044,frees.tyler
CFlashbang,308,,,,1260,76561198171814417,Faat
CSmokeGrenade,309,,,,1260,76561198171814417,Faat
CHEGrenade,310,,,,1260,76561198002613044,frees.tyler
CFlashbang,308,,,,1261,76561198171814417,Faat
CSmokeGrenade,309,,,,1261,76561198171814417,Faat
CHEGrenade,310,,,,1261,76561198002613044,frees.tyler
CFlashbang,308,,,,1262,76561198171814417,Faat
CSmokeGrenade,309,,,,1262,76561198171814417,Faat
CHEGrenade,310,,,,1262,76561198002613044,frees.tyler
CFlashbang,308,,,,1263,76561198171814417,Faat
CSmokeGrenade,309,,,,1263,76561198171814417,Faat
CHEGrenade,310,,,,1263,76561198002613044,frees.tyler
CFlashbang,308,,,,1264,76561198171814417,Faat
CSmokeGrenade,309,,,,1264,76561198171814417,Faat
CHEGrenade,310,,,,1264,76561198002613044,frees.tyler
CFlashbang,308,,,,1265,76561198171814417,Faat
CSmokeGrenade,309,,,,1265,76561198171814417,Faat
CHEGrenade,310,,,,1265,76561198002613044,frees.tyler
CFlashbang,308,,,,1266,76561198171814417,Faat
CSmokeGrenade,309,,,,1266,76561198171814417,Faat
CHEGrenade,310,,,,1266,76561198002613044,frees.tyler
CFlashbang,308,,,,1267,76561198171814417,Faat
CSmokeGrenade,309,,,,1267,76561198171814417,Faat
CHEGrenade,310,,,,1267,76561198002613044,frees.tyler
CFlashbang,308,,,,1268,76561198171814417,Faat
CSmokeGrenade,309,,,,1268,76561198171814417,Faat
CHEGrenade,310,,,,1268,76561198002613044,frees.tyler
CFlashbang,308,,,,1269,76561198171814417,Faat
CSmokeGrenade,309,,,,1269,76561198171814417,Faat
CHEGrenade,310,,,,1269,76561198002613044,frees.tyler
CFlashbang,308,,,,1270,76561198171814417,Faat
CSmokeGrenade,309,,,,1270,76561198171814417,Faat
CHEGrenade,310,,,,1270,76561198002613044,frees.tyler
CFlashbang,308,,,,1271,76561198171814417,Faat
CSmokeGrenade,309,,,,1271,76561198171814417,Faat
CHEGrenade,310,,,,1271,76561198002613044,frees.tyler
CFlashbang,308,,,,1272,76561198171814417,Faat
CSmokeGrenade,309,,,,1272,76561198171814417,Faat
CHEGrenade,310,,,,1272,76561198002613044,frees.tyler
CFlashbang,308,,,,1273,76561198171814417,Faat
CSmokeGrenade,309,,,,1273,76561198171814417,Faat
CHEGrenade,310,,,,1273,76561198002613044,frees.tyler
CFlashbang,308,,,,1274,76561198171814417,Faat
CSmokeGrenade,309,,,,1274,76561198171814417,Faat
CHEGrenade,310,,,,1274,76561198002613044,frees.tyler
CFlashbang,308,,,,1275,76561198171814417,Faat
CSmokeGrenade,309,,,,1275,76561198171814417,Faat
CHEGrenade,310,,,,1275,76561198002613044,frees.tyler
CFlashbang,308,,,,1276,76561198171814417,Faat
CSmokeGrenade,309,,,,1276,76561198171814417,Faat
CHEGrenade,310,,,,1276,76561198002613044,frees.tyler
CFlashbang,308,,,,1277,76561198171814417,Faat
CSmokeGrenade,309,,,,1277,76561198171814417,Faat
CHEGrenade,310,,,,1277,76561198002613044,frees.tyler
CFlashbang,308,,,,1278,76561198171814417,Faat
CSmokeGrenade,309,,,,1278,76561198171814417,Faat
CHEGrenade,310,,,,1278,76561198002613044,frees.tyler
CFlashbang,308,,,,1279,76561198171814417,Faat
CSmokeGrenade,309,,,,1279,76561198171814417,Faat
CHEGrenade,310,,,,1279,76561198002613044,frees.tyler
CFlashbang,311,,,,1279,76561198002613044,frees.tyler
CFlashbang,308,,,,1280,76561198171814417,Faat
CSmokeGrenade,309,,,,1280,76561198171814417,Faat
CHEGrenade,310,,,,1280,76561198002613044,frees.tyler
CFlashbang,311,,,,1280,76561198002613044,frees.tyler
CFlashbang,308,,,,1281,76561198171814417,Faat
CSmokeGrenade,309,,,,1281,76561198171814417,Faat
CHEGrenade,310,,,,1281,76561198002613044,frees.tyler
CFlashbang,311,,,,1281,76561198002613044,frees.tyler
CFlashbang,308,,,,1282,76561198171814417,Faat
CSmokeGrenade,309,,,,1282,76561198171814417,Faat
CHEGrenade,310,,,,1282,76561198002613044,frees.tyler
CFlashbang,311,,,,1282,76561198002613044,frees.tyler
CFlashbang,308,,,,1283,76561198171814417,Faat
CSmokeGrenade,309,,,,1283,76561198171814417,Faat
CHEGrenade,310,,,,1283,76561198002613044,frees.tyler
CFlashbang,311,,,,1283,76561198002613044,frees.tyler
CFlashbang,308,,,,1284,76561198171814417,Faat
CSmokeGrenade,309,,,,1284,76561198171814417,Faat
CHEGrenade,310,,,,1284,76561198002613044,frees.tyler
CFlashbang,311,,,,1284,76561198002613044,frees.tyler
CFlashbang,308,,,,1285,76561198171814417,Faat
CSmokeGrenade,309,,,,1285,76561198171814417,Faat
CHEGrenade,310,,,,1285,76561198002613044,frees.tyler
CFlashbang,311,,,,1285,76561198002613044,frees.tyler
CFlashbang,308,,,,1286,76561198171814417,Faat
CSmokeGrenade,309,,,,1286,76561198171814417,Faat
CHEGrenade,310,,,,1286,76561198002613044,frees.tyler
CFlashbang,311,,,,1286,76561198002613044,frees.tyler
CFlashbang,308,,,,1287,76561198171814417,Faat
CSmokeGrenade,309,,,,1287,76561198171814417,Faat
CHEGrenade,310,,,,1287,76561198002613044,frees.tyler
CFlashbang,311,,,,1287,76561198002613044,frees.tyler
CFlashbang,308,,,,1288,76561198171814417,Faat
CSmokeGrenade,309,,,,1288,76561198171814417,Faat
CHEGrenade,310,,,,1288,76561198002613044,frees.tyler
CFlashbang,311,,,,1288,76561198002613044,frees.tyler
CFlashbang,308,,,,1289,76561198171814417,Faat
CSmokeGrenade,309,,,,1289,76561198171814417,Faat
CHEGrenade,310,,,,1289,76561198002613044,frees.tyler
CFlashbang,311,,,,1289,76561198002613044,frees.tyler
CFlashbang,308,,,,1290,76561198171814417,Faat
CSmokeGrenade,309,,,,1290,76561198171814417,Faat
CHEGrenade,310,,,,1290,76561198002613044,frees.tyler
CFlashbang,311,,,,1290,76561198002613044,frees.tyler
CFlashbang,308,,,,1291,76561198171814417,Faat
CSmokeGrenade,309,,,,1291,76561198171814417,Faat
CHEGrenade,310,,,,1291,76561198002613044,frees.tyler
CFlashbang,311,,,,1291,76561198002613044,frees.tyler
CFlashbang,308,,,,1292,76561198171814417,Faat
CSmokeGrenade,309,,,,1292,76561198171814417,Faat
CHEGrenade,310,,,,1292,76561198002613044,frees.tyler
CFlashbang,311,,,,1292,76561198002613044,frees.tyler
CFlashbang,308,,,,1293,76561198171814417,Faat
CSmokeGrenade,309,,,,1293,76561198171814417,Faat
CHEGrenade,310,,,,1293,76561198002613044,frees.tyler
CFlashbang,311,,,,1293,76561198002613044,frees.tyler
CFlashbang,308,,,,1294,76561198171814417,Faat
CSmokeGrenade,309,,,,1294,76561198171814417,Faat
CHEGrenade,310,,,,1294,76561198002613044,frees.tyler
CFlashbang,311,,,,1294,76561198002613044,frees.tyler
CFlashbang,308,,,,1295,76561198171814417,Faat
CSmokeGrenade,309,,,,1295,76561198171814417,Faat
CHEGrenade,310,,,,1295,76561198002613044,frees.tyler
CFlashbang,311,,,,1295,76561198002613044,frees.tyler
CFlashbang,308,,,,1296,76561198171814417,Faat
CSmokeGrenade,309,,,,1296,76561198171814417,Faat
CHEGrenade,310,,,,1296,76561198002613044,frees.tyler
CFlashbang,311,,,,1296,76561198002613044,frees.tyler
CFlashbang,308,,,,1297,76561198171814417,Faat
CSmokeGrenade,309,,,,1297,76561198171814417,Faat
CHEGrenade,310,,,,1297,76561198002613044,frees.tyler
CFlashbang,311,,,,1297,76561198002613044,frees.tyler
CFlashbang,308,,,,1298,76561198171814417,Faat
CSmokeGrenade,309,,,,1298,76561198171814417,Faat
CHEGrenade,310,,,,1298,76561198002613044,frees.tyler
CFlashbang,311,,,,1298,76561198002613044,frees.tyler
CFlashbang,308,,,,1299,76561198171814417,Faat
CSmokeGrenade,309,,,,1299,76561198171814417,Faat
CHEGrenade,310,,,,1299,76561198002613044,frees.tyler
CFlashbang,311,,,,1299,76561198002613044,frees.tyler
CFlashbang,308,,,,1300,76561198171814417,Faat
CSmokeGrenade,309,,,,1300,76561198171814417,Faat
CHEGrenade,310,,,,1300,76561198002613044,frees.tyler
CFlashbang,311,,,,1300,76561198002613044,frees.tyler
CFlashbang,308,,,,1301,76561198171814417,Faat
CSmokeGrenade,309,,,,1301,76561198171814417,Faat
CHEGrenade,310,,,,1301,76561198002613044,frees.tyler
CFlashbang,311,,,,1301,76561198002613044,frees.tyler
CFlashbang,308,,,,1302,76561198171814417,Faat
CSmokeGrenade,309,,,,1302,76561198171814417,Faat
CHEGrenade,310,,,,1302,76561198002613044,frees.tyler
CFlashbang,311,,,,1302,76561198002613044,frees.tyler
CFlashbang,308,,,,1303,76561198171814417,Faat
CSmokeGrenade,309,,,,1303,76561198171814417,Faat
CHEGrenade,310,,,,1303,76561198002613044,frees.tyler
CFlashbang,311,,,,1303,76561198002613044,frees.tyler
CFlashbang,308,,,,1304,76561198171814417,Faat
CSmokeGrenade,309,,,,1304,76561198171814417,Faat
CHEGrenade,310,,,,1304,76561198002613044,frees.tyler
CFlashbang,311,,,,1304,76561198002613044,frees.tyler
CSmokeGrenade,312,,,,1304,76561198002613044,frees.tyler
CFlashbang,308,,,,1305,76561198171814417,Faat
CSmokeGrenade,309,,,,1305,76561198171814417,Faat
CHEGrenade,310,,,,1305,76561198002613044,frees.tyler
CFlashbang,311,,,,1305,76561198002613044,frees.tyler
CSmokeGrenade,312,,,,1305,76561198002613044,frees.tyler
CFlashbang,308,,,,1306,76561198171814417,Faat
CSmokeGrenade,309,,,,1306,76561198171814417,Faat
CHEGrenade,310,,,,1306,76561198002613044,frees.tyler
CFlashbang,311,,,,1306,76561198002613044,frees.tyler
CSmokeGrenade,312,,,,1306,76561198002613044,frees.tyler
CFlashbang,308,,,,1307,76561198171814417,Faat
CSmokeGrenade,309,,,,1307,76561198171814417,Faat
CHEGrenade,310,,,,1307,76561198002613044,frees.tyler
CFlashbang,311,,,,1307,76561198002613044,frees.tyler
CSmokeGrenade,312,,,,1307,76561198002613044,frees.tyler
CFlashbang,308,,,,1308,76561198171814417,Faat
CSmokeGrenade,309,,,,1308,76561198171814417,Faat
CHEGrenade,310,,,,1308,76561198002613044,frees.tyler
CFlashbang,311,,,,1308,76561198002613044,frees.tyler
CSmokeGrenade,312,,,,1308,76561198002613044,frees.tyler
CFlashbang,308,,,,1309,76561198171814417,Faat
CSmokeGrenade,309,,,,1309,76561198171814417,Faat
CHEGrenade,310,,,,1309,76561198002613044,frees.tyler
CFlashbang,311,,,,1309,76561198002613044,frees.tyler
CSmokeGrenade,312,,,,1309,76561198002613044,frees.tyler
CFlashbang,308,,,,1310,76561198171814417,Faat
CSmokeGrenade,309,,,,1310,76561198171814417,Faat
CHEGrenade,310,,,,1310,76561198002613044,frees.tyler
CFlashbang,311,,,,1310,76561198002613044,frees.tyler
CSmokeGrenade,312,,,,1310,76561198002613044,frees.tyler
CFlashbang,308,,,,1311,76561198171814417,Faat
CSmokeGrenade,309,,,,1311,76561198171814417,Faat
CHEGrenade,310,,,,1311,76561198002613044,frees.tyler
CFlashbang,311,,,,1311,76561198002613044,frees.tyler
CSmokeGrenade,312,,,,1311,76561198002613044,frees.tyler
CFlashbang,308,,,,1312,76561198171814417,Faat
CSmokeGrenade,309,,,,1312,76561198171814417,Faat
CHEGrenade,310,,,,1312,76561198002613044,frees.tyler
CFlashbang,311,,,,1312,76561198002613044,frees.tyler
CSmokeGrenade,312,,,,1312,76561198002613044,frees.tyler
CFlashbang,308,,,,1313,76561198171814417,Faat
CSmokeGrenade,309,,,,1313,76561198171814417,Faat
CHEGrenade,310,,,,1313,76561198002613044,frees.tyler
CFlashbang,311,,,,1313,76561198002613044,frees.tyler
CSmokeGrenade,312,,,,1313,76561198002613044,frees.tyler
CFlashbang,308,,,,1314,76561198171814417,Faat
CSmokeGrenade,309,,,,1314,76561198171814417,Faat
CHEGrenade,310,,,,1314,76561198002613044,frees.tyler
CFlashbang,311,,,,1314,76561198002613044,frees.tyler
CSmokeGrenade,312,,,,1314,76561198002613044,frees.tyler
CFlashbang,308,,,,1315,76561198171814417,Faat
CSmokeGrenade,309,,,,1315,76561198171814417,Faat
CHEGrenade,310,,,,1315,76561198002613044,frees.tyler
CFlashbang,311,,,,1315,76561198002613044,frees.tyler
CSmokeGrenade,312,,,,1315,76561198002613044,frees.tyler
CFlashbang,308,,,,1316,76561198171814417,Faat
CSmokeGrenade,309,,,,1316,76561198171814417,Faat
CHEGrenade,310,,,,1316,76561198002613044,frees.tyler
CFlashbang,311,,,,1316,76561198002613044,frees.tyler
CSmokeGrenade,312,,,,1316,76561198002613044,frees.tyler
CFlashbang,308,,,,1317,76561198171814417,Faat
CSmokeGrenade,309,,,,1317,76561198171814417,Faat
CHEGrenade,310,,,,1317,76561198002613044,frees.tyler
CFlashbang,311,,,,1317,76561198002613044,frees.tyler
CSmokeGrenade,312,,,,1317,76561198002613044,frees.tyler
CFlashbang,308,,,,1318,76561198171814417,Faat
CSmokeGrenade,309,,,,1318,76561198171814417,Faat
CHEGrenade,310,,,,1318,76561198002613044,frees.tyler
CFlashbang,311,,,,1318,76561198002613044,frees.tyler
CSmokeGrenade,312,,,,1318,76561198002613044,frees.tyler
CFlashbang,308,,,,1319,76561198171814417,Faat
CSmokeGrenade,309,,,,1319,76561198171814417,Faat
CHEGrenade,310,,,,1319,76561198002613044,frees.tyler
CFlashbang,311,,,,1319,76561198002613044,frees.tyler
CSmokeGrenade,312,,,,1319,76561198002613044,frees.tyler
CFlashbang,308,,,,1320,76561198171814417,Faat
CSmokeGrenade,309,,,,1320,76561198171814417,Faat
CHEGrenade,310,,,,1320,76561198002613044,frees.tyler
CFlashbang,311,,,,1320,76561198002613044,frees.tyler
CSmokeGrenade,312,,,,1320,76561198002613044,frees.tyler
CIncendiaryGrenade,313,,,,1320,76561199068251294,prosto bo$$
CFlashbang,308,,,,1321,76561198171814417,Faat
CSmokeGrenade,309,,,,1321,76561198171814417,Faat
CHEGrenade,310,,,,1321,76561198002613044,frees.tyler
CFlashbang,311,,,,1321,76561198002613044,frees.tyler
CSmokeGrenade,312,,,,1321,76561198002613044,frees.tyler
CIncendiaryGrenade,313,,,,1321,76561199068251294,prosto bo$$
CFlashbang,308,,,,1322,76561198171814417,Faat
CSmokeGrenade,309,,,,1322,76561198171814417,Faat
CHEGrenade,310,,,,1322,76561198002613044,frees.tyler
CFlashbang,311,,,,1322,76561198002613044,frees.tyler
CSmokeGrenade,312,,,,1322,76561198002613044,frees.tyler
CIncendiaryGrenade,313,,,,1322,76561199068251294,prosto bo$$
CFlashbang,308,,,,1323,76561198171814417,Faat
CSmokeGrenade,309,,,,1323,76561198171814417,Faat
CHEGrenade,310,,,,1323,76561198002613044,frees.tyler
CFlashbang,311,,,,1323,76561198002613044,frees.tyler
CSmokeGrenade,312,,,,1323,76561198002613044,frees.tyler
CIncendiaryGrenade,313,,,,1323,76561199068251294,prosto bo$$
CFlashbang,308,,,,1324,76561198171814417,Faat
CSmokeGrenade,309,,,,1324,76561198171814417,Faat
CHEGrenade,310,,,,1324,76561198002613044,frees.tyler
CFlashbang,311,,,,1324,76561198002613044,frees.tyler
CSmokeGrenade,312,,,,1324,76561198002613044,frees.tyler
CIncendiaryGrenade,313,,,,1324,76561199068251294,prosto bo$$
CFlashbang,308,,,,1325,76561198171814417,Faat
CSmokeGrenade,309,,,,1325,76561198171814417,Faat
CHEGrenade,310,,,,1325,76561198002613044,frees.tyler
CFlashbang,311,,,,1325,76561198002613044,frees.tyler
CSmokeGrenade,312,,,,1325,76561198002613044,frees.tyler
CIncendiaryGrenade,313,,,,1325,76561199068251294,prosto bo$$
CFlashbang,308,,,,1326,76561198171814417,Faat
CSmokeGrenade,309,,,,1326,76561198171814417,Faat
CHEGrenade,310,,,,1326,76561198002613044,frees.tyler
CFlashbang,311,,,,1326,76561198002613044,frees.tyler
CSmokeGrenade,312,,,,1326,76561198002613044,frees.tyler
CIncendiaryGrenade,313,,,,1326,76561199068251294,prosto bo$$
CFlashbang,308,,,,1327,76561198171814417,Faat
CSmokeGrenade,309,,,,1327,76561198171814417,Faat
CHEGrenade,310,,,,1327,76561198002613044,frees.tyler
CFlashbang,311,,,,1327,76561198002613044,frees.tyler
CSmokeGrenade,312,,,,1327,76561198002613044,frees.tyler
CIncendiaryGrenade,313,,,,1327,76561199068251294,prosto bo$$
CFlashbang,308,,,,1328,76561198171814417,Faat
CSmokeGrenade,309,,,,1328,76561198171814417,Faat
CHEGrenade,310,,,,1328,76561198002613044,frees.tyler
CFlashbang,311,,,,1328,76561198002613044,frees.tyler
CSmokeGrenade,312,,,,1328,76561198002613044,frees.tyler
CIncendiaryGrenade,313,,,,1328,76561199068251294,prosto bo$$
CFlashbang,308,,,,1329,76561198171814417,Faat
CSmokeGrenade,309,,,,1329,76561198171814417,Faat
CHEGrenade,310,,,,1329,76561198002613044,frees.tyler
CFlashbang,311,,,,1329,76561198002613044,frees.tyler
CSmokeGrenade,312,,,,1329,76561198002613044,frees.tyler
CIncendiaryGrenade,313,,,,1329,76561199068251294,prosto bo$$
CFlashbang,308,,,,1330,76561198171814417,Faat
CSmokeGrenade,309,,,,1330,76561198171814417,Faat
CHEGrenade,310,,,,1330,76561198002613044,frees.tyler
CFlashbang,311,,,,1330,76561198002613044,frees.tyler
CSmokeGrenade,312,,,,1330,76561198002613044,frees.tyler
CIncendiaryGrenade,313,,,,1330,76561199068251294,prosto bo$$
CFlashbang,308,,,,1331,76561198171814417,Faat
CSmokeGrenade,309,,,,1331,76561198171814417,Faat
CHEGrenade,310,,,,1331,76561198002613044,frees.tyler
CFlashbang,311,,,,1331,76561198002613044,frees.tyler
CSmokeGrenade,312,,,,1331,76561198002613044,frees.tyler
CIncendiaryGrenade,313,,,,1331,76561199068251294,prosto bo$$
CFlashbang,308,,,,1332,76561198171814417,Faat
CSmokeGrenade,309,,,,1332,76561198171814417,Faat
CHEGrenade,310,,,,1332,76561198002613044,frees.tyler
CFlashbang,311,,,,1332,76561198002613044,frees.tyler
CSmokeGrenade,312,,,,1332,76561198002613044,frees.tyler
CIncendiaryGrenade,313,,,,1332,76561199068251294,prosto bo$$
CFlashbang,308,,,,1333,76561198171814417,Faat
CSmokeGrenade,309,,,,1333,76561198171814417,Faat
CHEGrenade,310,,,,1333,76561198002613044,frees.tyler
CFlashbang,311,,,,1333,76561198002613044,frees.tyler
CSmokeGrenade,312,,,,1333,76561198002613044,frees.tyler
CIncendiaryGrenade,313,,,,1333,76561199068251294,prosto bo$$
CFlashbang,308,,,,1334,76561198171814417,Faat
CSmokeGrenade,309,,,,1334,76561198171814417,Faat
CHEGrenade,310,,,,1334,76561198002613044,frees.tyler
CFlashbang,311,,,,1334,76561198002613044,frees.tyler
CSmokeGrenade,312,,,,1334,76561198002613044,frees.tyler
CIncendiaryGrenade,313,,,,1334,76561199068251294,prosto bo$$
CFlashbang,308,,,,1335,76561198171814417,Faat
CSmokeGrenade,309,,,,1335,76561198171814417,Faat
CHEGrenade,310,,,,1335,76561198002613044,frees.tyler
CFlashbang,311,,,,1335,76561198002613044,frees.tyler
CSmokeGrenade,312,,,,1335,76561198002613044,frees.tyler
CIncendiaryGrenade,313,,,,1335,76561199068251294,prosto bo$$
CFlashbang,308,,,,1336,76561198171814417,Faat
CSmokeGrenade,309,,,,1336,76561198171814417,Faat
CHEGrenade,310,,,,1336,76561198002613044,frees.tyler
CFlashbang,311,,,,1336,76561198002613044,frees.tyler
CSmokeGrenade,312,,,,1336,76561198002613044,frees.tyler
CIncendiaryGrenade,313,,,,1336,76561199068251294,prosto bo$$
CFlashbang,308,,,,1337,76561198171814417,Faat
CSmokeGrenade,309,,,,1337,76561198171814417,Faat
CHEGrenade,310,,,,1337,76561198002613044,frees.tyler
CFlashbang,311,,,,1337,76561198002613044,frees.tyler
CSmokeGrenade,312,,,,1337,76561198002613044,frees.tyler
CIncendiaryGrenade,313,,,,1337,76561199068251294,prosto bo$$
CFlashbang,308,,,,1338,76561198171814417,Faat
CSmokeGrenade,309,,,,1338,76561198171814417,Faat
CHEGrenade,310,,,,1338,76561198002613044,frees.tyler
CFlashbang,311,,,,1338,76561198002613044,frees.tyler
CSmokeGrenade,312,,,,1338,76561198002613044,frees.tyler
CIncendiaryGrenade,313,,,,1338,76561199068251294,prosto bo$$
CFlashbang,308,,,,1339,76561198171814417,Faat
CSmokeGrenade,309,,,,1339,76561198171814417,Faat
CHEGrenade,310,,,,1339,76561198002613044,frees.tyler
CFlashbang,311,,,,1339,76561198002613044,frees.tyler
CSmokeGrenade,312,,,,1339,76561198002613044,frees.tyler
CIncendiaryGrenade,313,,,,1339,76561199068251294,prosto bo$$
CFlashbang,308,,,,1340,76561198171814417,Faat
CSmokeGrenade,309,,,,1340,76561198171814417,Faat
CHEGrenade,310,,,,1340,76561198002613044,frees.tyler
CFlashbang,311,,,,1340,76561198002613044,frees.tyler
CSmokeGrenade,312,,,,1340,76561198002613044,frees.tyler
CIncendiaryGrenade,313,,,,1340,76561199068251294,prosto bo$$
CFlashbang,308,,,,1341,76561198171814417,Faat
CSmokeGrenade,309,,,,1341,76561198171814417,Faat
CHEGrenade,310,,,,1341,76561198002613044,frees.tyler
CFlashbang,311,,,,1341,76561198002613044,frees.tyler
CSmokeGrenade,312,,,,1341,76561198002613044,frees.tyler
CIncendiaryGrenade,313,,,,1341,76561199068251294,prosto bo$$
CFlashbang,308,,,,1342,76561198171814417,Faat
CSmokeGrenade,309,,,,1342,76561198171814417,Faat
CHEGrenade,310,,,,1342,76561198002613044,frees.tyler
CFlashbang,311,,,,1342,76561198002613044,frees.tyler
CSmokeGrenade,312,,,,1342,76561198002613044,frees.tyler
CIncendiaryGrenade,313,,,,1342,76561199068251294,prosto bo$$
CFlashbang,308,,,,1343,76561198171814417,Faat
CSmokeGrenade,309,,,,1343,76561198171814417,Faat
CHEGrenade,310,,,,1343,76561198002613044,frees.tyler
CFlashbang,311,,,,1343,76561198002613044,frees.tyler
CSmokeGrenade,312,,,,1343,76561198002613044,frees.tyler
CIncendiaryGrenade,313,,,,1343,76561199068251294,prosto bo$$
CFlashbang,308,,,,1344,76561198171814417,Faat
CSmokeGrenade,309,,,,1344,76561198171814417,Faat
CHEGrenade,310,,,,1344,76561198002613044,frees.tyler
CFlashbang,311,,,,1344,76561198002613044,frees.tyler
CSmokeGrenade,312,,,,1344,76561198002613044,frees.tyler
CIncendiaryGrenade,313,,,,1344,76561199068251294,prosto bo$$
CFlashbang,308,,,,1345,76561198171814417,Faat
CSmokeGrenade,309,,,,1345,76561198171814417,Faat
CHEGrenade,310,,,,1345,76561198002613044,frees.tyler
CFlashbang,311,,,,1345,76561198002613044,frees.tyler
CSmokeGrenade,312,,,,1345,76561198002613044,frees.tyler
CIncendiaryGrenade,313,,,,1345,76561199068251294,prosto bo$$
CFlashbang,308,,,,1346,76561198171814417,Faat
CSmokeGrenade,309,,,,1346,76561198171814417,Faat
CHEGrenade,310,,,,1346,76561198002613044,frees.tyler
CFlashbang,311,,,,1346,76561198002613044,frees.tyler
CSmokeGrenade,312,,,,1346,76561198002613044,frees.tyler
CIncendiaryGrenade,313,,,,1346,76561199068251294,prosto bo$$
CFlashbang,308,,,,1347,76561198171814417,Faat
CSmokeGrenade,309,,,,1347,76561198171814417,Faat
CHEGrenade,310,,,,1347,76561198002613044,frees.tyler
CFlashbang,311,,,,1347,76561198002613044,frees.tyler
CSmokeGrenade,312,,,,1347,76561198002613044,frees.tyler
CIncendiaryGrenade,313,,,,1347,76561199068251294,prosto bo$$
CFlashbang,308,,,,1348,76561198171814417,Faat
