total_rounds_played,cash_spent_this_round,kills_total,deaths_total,assists_total,score,mvps,tick,steamid,name
0,0,0,0,0,0,0,1,76561199256543526,Wybaczam.oficjalnie skins.army
0,0,0,0,0,0,0,1,76561199826895670,RME | Пацан
0,0,0,0,0,0,0,1,76561198002613044,frees.tyler
0,3700,2,0,0,4,0,1,76561198274174345,zig
0,0,0,0,0,0,0,1,76561199433997570,Simple Dimple skins.army
0,9500,0,3,0,0,0,1,76561199557907229,shawty#)$@
0,6550,0,0,0,0,0,1,76561198049602148,Moon
0,11500,0,2,0,0,0,1,76561199068251294,prosto bo$$
0,8450,1,0,1,3,0,1,76561198171814417,Faat
0,2700,2,0,0,4,0,1,76561199052717313,Worfy
0,0,0,0,0,0,0,2,76561199256543526,Wybaczam.oficjalnie skins.army
0,0,0,0,0,0,0,2,76561199826895670,RME | Пацан
0,0,0,0,0,0,0,2,76561198002613044,frees.tyler
0,3700,2,0,0,4,0,2,76561198274174345,zig
0,0,0,0,0,0,0,2,76561199433997570,Simple Dimple skins.army
0,9500,0,3,0,0,0,2,76561199557907229,shawty#)$@
0,6550,0,0,0,0,0,2,76561198049602148,Moon
0,11500,0,2,0,0,0,2,76561199068251294,prosto bo$$
0,8450,1,0,1,3,0,2,76561198171814417,Faat
0,2700,2,0,0,4,0,2,76561199052717313,Worfy
0,0,0,0,0,0,0,3,76561199256543526,Wybaczam.oficjalnie skins.army
0,0,0,0,0,0,0,3,76561199826895670,RME | Пацан
0,0,0,0,0,0,0,3,76561198002613044,frees.tyler
0,3700,2,0,0,4,0,3,76561198274174345,zig
0,0,0,0,0,0,0,3,76561199433997570,Simple Dimple skins.army
0,9500,0,3,0,0,0,3,76561199557907229,shawty#)$@
0,6550,0,0,0,0,0,3,76561198049602148,Moon
0,11500,0,2,0,0,0,3,76561199068251294,prosto bo$$
0,8450,1,0,1,3,0,3,76561198171814417,Faat
0,2700,2,0,0,4,0,3,76561199052717313,Worfy
0,0,0,0,0,0,0,4,76561199256543526,Wybaczam.oficjalnie skins.army
0,0,0,0,0,0,0,4,76561199826895670,RME | Пацан
0,0,0,0,0,0,0,4,76561198002613044,frees.tyler
0,3700,2,0,0,4,0,4,76561198274174345,zig
0,0,0,0,0,0,0,4,76561199433997570,Simple Dimple skins.army
0,9500,0,3,0,0,0,4,76561199557907229,shawty#)$@
0,6550,0,0,0,0,0,4,76561198049602148,Moon
0,11500,0,2,0,0,0,4,76561199068251294,prosto bo$$
0,8450,1,0,1,3,0,4,76561198171814417,Faat
0,2700,2,0,0,4,0,4,76561199052717313,Worfy
0,0,0,0,0,0,0,5,76561199256543526,Wybaczam.oficjalnie skins.army
0,0,0,0,0,0,0,5,76561199826895670,RME | Пацан
0,0,0,0,0,0,0,5,76561198002613044,frees.tyler
0,3700,2,0,0,4,0,5,76561198274174345,zig
0,0,0,0,0,0,0,5,76561199433997570,Simple Dimple skins.army
0,9500,0,3,0,0,0,5,76561199557907229,shawty#)$@
0,6550,0,0,0,0,0,5,76561198049602148,Moon
0,11500,0,2,0,0,0,5,76561199068251294,prosto bo$$
0,8450,1,0,1,3,0,5,76561198171814417,Faat
0,2700,2,0,0,4,0,5,76561199052717313,Worfy
0,0,0,0,0,0,0,6,76561199256543526,Wybaczam.oficjalnie skins.army
0,0,0,0,0,0,0,6,76561199826895670,RME | Пацан
0,0,0,0,0,0,0,6,76561198002613044,frees.tyler
0,3700,2,0,0,4,0,6,76561198274174345,zig
0,0,0,0,0,0,0,6,76561199433997570,Simple Dimple skins.army
0,9500,0,3,0,0,0,6,76561199557907229,shawty#)$@
0,6550,0,0,0,0,0,6,76561198049602148,Moon
0,11500,0,2,0,0,0,6,76561199068251294,prosto bo$$
0,8450,1,0,1,3,0,6,76561198171814417,Faat
0,2700,2,0,0,4,0,6,76561199052717313,Worfy
0,0,0,0,0,0,0,7,76561199256543526,Wybaczam.oficjalnie skins.army
0,0,0,0,0,0,0,7,76561199826895670,RME | Пацан
0,0,0,0,0,0,0,7,76561198002613044,frees.tyler
0,3700,2,0,0,4,0,7,76561198274174345,zig
0,0,0,0,0,0,0,7,76561199433997570,Simple Dimple skins.army
0,9500,0,3,0,0,0,7,76561199557907229,shawty#)$@
0,6550,0,0,0,0,0,7,76561198049602148,Moon
0,11500,0,2,0,0,0,7,76561199068251294,prosto bo$$
0,8450,1,0,1,3,0,7,76561198171814417,Faat
0,2700,2,0,0,4,0,7,76561199052717313,Worfy
0,0,0,0,0,0,0,8,76561199256543526,Wybaczam.oficjalnie skins.army
0,0,0,0,0,0,0,8,76561199826895670,RME | Пацан
0,0,0,0,0,0,0,8,76561198002613044,frees.tyler
0,3700,2,0,0,4,0,8,76561198274174345,zig
0,0,0,0,0,0,0,8,76561199433997570,Simple Dimple skins.army
0,9500,0,3,0,0,0,8,76561199557907229,shawty#)$@
0,6550,0,0,0,0,0,8,76561198049602148,Moon
0,11500,0,2,0,0,0,8,76561199068251294,prosto bo$$
0,8450,1,0,1,3,0,8,76561198171814417,Faat
0,2700,2,0,0,4,0,8,76561199052717313,Worfy
0,0,0,0,0,0,0,9,76561199256543526,Wybaczam.oficjalnie skins.army
0,0,0,0,0,0,0,9,76561199826895670,RME | Пацан
0,0,0,0,0,0,0,9,76561198002613044,frees.tyler
0,3700,2,0,0,4,0,9,76561198274174345,zig
0,0,0,0,0,0,0,9,76561199433997570,Simple Dimple skins.army
0,9500,0,3,0,0,0,9,76561199557907229,shawty#)$@
0,6550,0,0,0,0,0,9,76561198049602148,Moon
0,11500,0,2,0,0,0,9,76561199068251294,prosto bo$$
0,8450,1,0,1,3,0,9,76561198171814417,Faat
0,2700,2,0,0,4,0,9,76561199052717313,Worfy
0,0,0,0,0,0,0,10,76561199256543526,Wybaczam.oficjalnie skins.army
0,0,0,0,0,0,0,10,76561199826895670,RME | Пацан
0,0,0,0,0,0,0,10,76561198002613044,frees.tyler
0,3700,2,0,0,4,0,10,76561198274174345,zig
0,0,0,0,0,0,0,10,76561199433997570,Simple Dimple skins.army
0,9500,0,3,0,0,0,10,76561199557907229,shawty#)$@
0,6550,0,0,0,0,0,10,76561198049602148,Moon
0,11500,0,2,0,0,0,10,76561199068251294,prosto bo$$
0,8450,1,0,1,3,0,10,76561198171814417,Faat
0,2700,2,0,0,4,0,10,76561199052717313,Worfy
0,0,0,0,0,0,0,11,76561199256543526,Wybaczam.oficjalnie skins.army
0,0,0,0,0,0,0,11,76561199826895670,RME | Пацан
0,0,0,0,0,0,0,11,76561198002613044,frees.tyler
0,3700,2,0,0,4,0,11,76561198274174345,zig
0,0,0,0,0,0,0,11,76561199433997570,Simple Dimple skins.army
0,9500,0,3,0,0,0,11,76561199557907229,shawty#)$@
0,6550,0,0,0,0,0,11,76561198049602148,Moon
0,11500,0,2,0,0,0,11,76561199068251294,prosto bo$$
0,8450,1,0,1,3,0,11,76561198171814417,Faat
0,2700,2,0,0,4,0,11,76561199052717313,Worfy
0,0,0,0,0,0,0,12,76561199256543526,Wybaczam.oficjalnie skins.army
0,0,0,0,0,0,0,12,76561199826895670,RME | Пацан
0,0,0,0,0,0,0,12,76561198002613044,frees.tyler
0,3700,2,0,0,4,0,12,76561198274174345,zig
0,0,0,0,0,0,0,12,76561199433997570,Simple Dimple skins.army
0,9500,0,3,0,0,0,12,76561199557907229,shawty#)$@
0,6550,0,0,0,0,0,12,76561198049602148,Moon
0,11500,0,2,0,0,0,12,76561199068251294,prosto bo$$
0,8450,1,0,1,3,0,12,76561198171814417,Faat
0,2700,2,0,0,4,0,12,76561199052717313,Worfy
0,0,0,0,0,0,0,13,76561199256543526,Wybaczam.oficjalnie skins.army
0,0,0,0,0,0,0,13,76561199826895670,RME | Пацан
0,0,0,0,0,0,0,13,76561198002613044,frees.tyler
0,3700,2,0,0,4,0,13,76561198274174345,zig
0,0,0,0,0,0,0,13,76561199433997570,Simple Dimple skins.army
0,9500,0,3,0,0,0,13,76561199557907229,shawty#)$@
0,6550,0,0,0,0,0,13,76561198049602148,Moon
0,11500,0,2,0,0,0,13,76561199068251294,prosto bo$$
0,8450,1,0,1,3,0,13,76561198171814417,Faat
0,2700,2,0,0,4,0,13,76561199052717313,Worfy
0,0,0,0,0,0,0,14,76561199256543526,Wybaczam.oficjalnie skins.army
0,0,0,0,0,0,0,14,76561199826895670,RME | Пацан
0,0,0,0,0,0,0,14,76561198002613044,frees.tyler
0,3700,2,0,0,4,0,14,76561198274174345,zig
0,0,0,0,0,0,0,14,76561199433997570,Simple Dimple skins.army
0,9500,0,3,0,0,0,14,76561199557907229,shawty#)$@
0,6550,0,0,0,0,0,14,76561198049602148,Moon
0,11500,0,2,0,0,0,14,76561199068251294,prosto bo$$
0,8450,1,0,1,3,0,14,76561198171814417,Faat
0,2700,2,0,0,4,0,14,76561199052717313,Worfy
0,0,0,0,0,0,0,15,76561199256543526,Wybaczam.oficjalnie skins.army
0,0,0,0,0,0,0,15,76561199826895670,RME | Пацан
0,0,0,0,0,0,0,15,76561198002613044,frees.tyler
0,3700,2,0,0,4,0,15,76561198274174345,zig
0,0,0,0,0,0,0,15,76561199433997570,Simple Dimple skins.army
0,9500,0,3,0,0,0,15,76561199557907229,shawty#)$@
0,6550,0,0,0,0,0,15,76561198049602148,Moon
0,11500,0,2,0,0,0,15,76561199068251294,prosto bo$$
0,8450,1,0,1,3,0,15,76561198171814417,Faat
0,2700,2,0,0,4,0,15,76561199052717313,Worfy
0,0,0,0,0,0,0,16,76561199256543526,Wybaczam.oficjalnie skins.army
0,0,0,0,0,0,0,16,76561199826895670,RME | Пацан
0,0,0,0,0,0,0,16,76561198002613044,frees.tyler
0,3700,2,0,0,4,0,16,76561198274174345,zig
0,0,0,0,0,0,0,16,76561199433997570,Simple Dimple skins.army
0,9500,0,3,0,0,0,16,76561199557907229,shawty#)$@
0,6550,0,0,0,0,0,16,76561198049602148,Moon
0,11500,0,2,0,0,0,16,76561199068251294,prosto bo$$
0,8450,1,0,1,3,0,16,76561198171814417,Faat
0,2700,2,0,0,4,0,16,76561199052717313,Worfy
0,0,0,0,0,0,0,17,76561199256543526,Wybaczam.oficjalnie skins.army
0,0,0,0,0,0,0,17,76561199826895670,RME | Пацан
0,0,0,0,0,0,0,17,76561198002613044,frees.tyler
0,3700,2,0,0,4,0,17,76561198274174345,zig
0,0,0,0,0,0,0,17,76561199433997570,Simple Dimple skins.army
0,9500,0,3,0,0,0,17,76561199557907229,shawty#)$@
0,6550,0,0,0,0,0,17,76561198049602148,Moon
0,11500,0,2,0,0,0,17,76561199068251294,prosto bo$$
0,8450,1,0,1,3,0,17,76561198171814417,Faat
0,2700,2,0,0,4,0,17,76561199052717313,Worfy
0,0,0,0,0,0,0,18,76561199256543526,Wybaczam.oficjalnie skins.army
0,0,0,0,0,0,0,18,76561199826895670,RME | Пацан
0,0,0,0,0,0,0,18,76561198002613044,frees.tyler
0,3700,2,0,0,4,0,18,76561198274174345,zig
0,0,0,0,0,0,0,18,76561199433997570,Simple Dimple skins.army
0,9500,0,3,0,0,0,18,76561199557907229,shawty#)$@
0,6550,0,0,0,0,0,18,76561198049602148,Moon
0,11500,0,2,0,0,0,18,76561199068251294,prosto bo$$
0,8450,1,0,1,3,0,18,76561198171814417,Faat
0,2700,2,0,0,4,0,18,76561199052717313,Worfy
0,0,0,0,0,0,0,19,76561199256543526,Wybaczam.oficjalnie skins.army
0,0,0,0,0,0,0,19,76561199826895670,RME | Пацан
0,0,0,0,0,0,0,19,76561198002613044,frees.tyler
0,3700,2,0,0,4,0,19,76561198274174345,zig
0,0,0,0,0,0,0,19,76561199433997570,Simple Dimple skins.army
0,9500,0,3,0,0,0,19,76561199557907229,shawty#)$@
0,6550,0,0,0,0,0,19,76561198049602148,Moon
0,11500,0,2,0,0,0,19,76561199068251294,prosto bo$$
0,8450,1,0,1,3,0,19,76561198171814417,Faat
0,2700,2,0,0,4,0,19,76561199052717313,Worfy
0,0,0,0,0,0,0,20,76561199256543526,Wybaczam.oficjalnie skins.army
0,0,0,0,0,0,0,20,76561199826895670,RME | Пацан
0,0,0,0,0,0,0,20,76561198002613044,frees.tyler
0,3700,2,0,0,4,0,20,76561198274174345,zig
0,0,0,0,0,0,0,20,76561199433997570,Simple Dimple skins.army
0,9500,0,3,0,0,0,20,76561199557907229,shawty#)$@
0,6550,0,0,0,0,0,20,76561198049602148,Moon
0,11500,0,2,0,0,0,20,76561199068251294,prosto bo$$
0,8450,1,0,1,3,0,20,76561198171814417,Faat
0,2700,2,0,0,4,0,20,76561199052717313,Worfy
0,0,0,0,0,0,0,21,76561199256543526,Wybaczam.oficjalnie skins.army
0,0,0,0,0,0,0,21,76561199826895670,RME | Пацан
0,0,0,0,0,0,0,21,76561198002613044,frees.tyler
0,3700,2,0,0,4,0,21,76561198274174345,zig
0,0,0,0,0,0,0,21,76561199433997570,Simple Dimple skins.army
0,9500,0,3,0,0,0,21,76561199557907229,shawty#)$@
0,6550,0,0,0,0,0,21,76561198049602148,Moon
0,11500,0,2,0,0,0,21,76561199068251294,prosto bo$$
0,8450,1,0,1,3,0,21,76561198171814417,Faat
0,2700,2,0,0,4,0,21,76561199052717313,Worfy
0,0,0,0,0,0,0,22,76561199256543526,Wybaczam.oficjalnie skins.army
0,0,0,0,0,0,0,22,76561199826895670,RME | Пацан
0,0,0,0,0,0,0,22,76561198002613044,frees.tyler
0,3700,2,0,0,4,0,22,76561198274174345,zig
0,0,0,0,0,0,0,22,76561199433997570,Simple Dimple skins.army
0,9500,0,3,0,0,0,22,76561199557907229,shawty#)$@
0,6550,0,0,0,0,0,22,76561198049602148,Moon
0,11500,0,2,0,0,0,22,76561199068251294,prosto bo$$
0,8450,1,0,1,3,0,22,76561198171814417,Faat
0,2700,2,0,0,4,0,22,76561199052717313,Worfy
0,0,0,0,0,0,0,23,76561199256543526,Wybaczam.oficjalnie skins.army
0,0,0,0,0,0,0,23,76561199826895670,RME | Пацан
0,0,0,0,0,0,0,23,76561198002613044,frees.tyler
0,3700,2,0,0,4,0,23,76561198274174345,zig
0,0,0,0,0,0,0,23,76561199433997570,Simple Dimple skins.army
0,9500,0,3,0,0,0,23,76561199557907229,shawty#)$@
0,6550,0,0,0,0,0,23,76561198049602148,Moon
0,11500,0,2,0,0,0,23,76561199068251294,prosto bo$$
0,8450,1,0,1,3,0,23,76561198171814417,Faat
0,2700,2,0,0,4,0,23,76561199052717313,Worfy
0,0,0,0,0,0,0,24,76561199256543526,Wybaczam.oficjalnie skins.army
0,0,0,0,0,0,0,24,76561199826895670,RME | Пацан
0,0,0,0,0,0,0,24,76561198002613044,frees.tyler
0,3700,2,0,0,4,0,24,76561198274174345,zig
0,0,0,0,0,0,0,24,76561199433997570,Simple Dimple skins.army
0,9500,0,3,0,0,0,24,76561199557907229,shawty#)$@
0,6550,0,0,0,0,0,24,76561198049602148,Moon
0,11500,0,2,0,0,0,24,76561199068251294,prosto bo$$
0,8450,1,0,1,3,0,24,76561198171814417,Faat
0,2700,2,0,0,4,0,24,76561199052717313,Worfy
0,0,0,0,0,0,0,25,76561199256543526,Wybaczam.oficjalnie skins.army
0,0,0,0,0,0,0,25,76561199826895670,RME | Пацан
0,0,0,0,0,0,0,25,76561198002613044,frees.tyler
0,3700,2,0,0,4,0,25,76561198274174345,zig
0,0,0,0,0,0,0,25,76561199433997570,Simple Dimple skins.army
0,9500,0,3,0,0,0,25,76561199557907229,shawty#)$@
0,6550,0,0,0,0,0,25,76561198049602148,Moon
0,11500,0,2,0,0,0,25,76561199068251294,prosto bo$$
0,8450,1,0,1,3,0,25,76561198171814417,Faat
0,2700,2,0,0,4,0,25,76561199052717313,Worfy
0,0,0,0,0,0,0,26,76561199256543526,Wybaczam.oficjalnie skins.army
0,0,0,0,0,0,0,26,76561199826895670,RME | Пацан
0,0,0,0,0,0,0,26,76561198002613044,frees.tyler
0,3700,2,0,0,4,0,26,76561198274174345,zig
0,0,0,0,0,0,0,26,76561199433997570,Simple Dimple skins.army
0,9500,0,3,0,0,0,26,76561199557907229,shawty#)$@
0,6550,0,0,0,0,0,26,76561198049602148,Moon
0,11500,0,2,0,0,0,26,76561199068251294,prosto bo$$
0,8450,1,0,1,3,0,26,76561198171814417,Faat
0,2700,2,0,0,4,0,26,76561199052717313,Worfy
0,0,0,0,0,0,0,27,76561199256543526,Wybaczam.oficjalnie skins.army
0,0,0,0,0,0,0,27,76561199826895670,RME | Пацан
0,0,0,0,0,0,0,27,76561198002613044,frees.tyler
0,3700,2,0,0,4,0,27,76561198274174345,zig
0,0,0,0,0,0,0,27,76561199433997570,Simple Dimple skins.army
0,9500,0,3,0,0,0,27,76561199557907229,shawty#)$@
0,6550,0,0,0,0,0,27,76561198049602148,Moon
0,11500,0,2,0,0,0,27,76561199068251294,prosto bo$$
0,8450,1,0,1,3,0,27,76561198171814417,Faat
0,2700,2,0,0,4,0,27,76561199052717313,Worfy
0,0,0,0,0,0,0,28,76561199256543526,Wybaczam.oficjalnie skins.army
0,0,0,0,0,0,0,28,76561199826895670,RME | Пацан
0,0,0,0,0,0,0,28,76561198002613044,frees.tyler
0,3700,2,0,0,4,0,28,76561198274174345,zig
0,0,0,0,0,0,0,28,76561199433997570,Simple Dimple skins.army
0,9500,0,3,0,0,0,28,76561199557907229,shawty#)$@
0,6550,0,0,0,0,0,28,76561198049602148,Moon
0,11500,0,2,0,0,0,28,76561199068251294,prosto bo$$
0,8450,1,0,1,3,0,28,76561198171814417,Faat
0,2700,2,0,0,4,0,28,76561199052717313,Worfy
0,0,0,0,0,0,0,29,76561199256543526,Wybaczam.oficjalnie skins.army
0,0,0,0,0,0,0,29,76561199826895670,RME | Пацан
0,0,0,0,0,0,0,29,76561198002613044,frees.tyler
0,3700,2,0,0,4,0,29,76561198274174345,zig
0,0,0,0,0,0,0,29,76561199433997570,Simple Dimple skins.army
0,9500,0,3,0,0,0,29,76561199557907229,shawty#)$@
0,6550,0,0,0,0,0,29,76561198049602148,Moon
0,11500,0,2,0,0,0,29,76561199068251294,prosto bo$$
0,8450,1,0,1,3,0,29,76561198171814417,Faat
0,2700,2,0,0,4,0,29,76561199052717313,Worfy
0,0,0,0,0,0,0,30,76561199256543526,Wybaczam.oficjalnie skins.army
0,0,0,0,0,0,0,30,76561199826895670,RME | Пацан
0,0,0,0,0,0,0,30,76561198002613044,frees.tyler
0,3700,2,0,0,4,0,30,76561198274174345,zig
0,0,0,0,0,0,0,30,76561199433997570,Simple Dimple skins.army
0,9500,0,3,0,0,0,30,76561199557907229,shawty#)$@
0,6550,0,0,0,0,0,30,76561198049602148,Moon
0,11500,0,2,0,0,0,30,76561199068251294,prosto bo$$
0,8450,1,0,1,3,0,30,76561198171814417,Faat
0,2700,2,0,0,4,0,30,76561199052717313,Worfy
0,0,0,0,0,0,0,31,76561199256543526,Wybaczam.oficjalnie skins.army
0,0,0,0,0,0,0,31,76561199826895670,RME | Пацан
0,0,0,0,0,0,0,31,76561198002613044,frees.tyler
0,3700,2,0,0,4,0,31,76561198274174345,zig
0,0,0,0,0,0,0,31,76561199433997570,Simple Dimple skins.army
0,9500,0,3,0,0,0,31,76561199557907229,shawty#)$@
0,6550,0,0,0,0,0,31,76561198049602148,Moon
0,11500,0,2,0,0,0,31,76561199068251294,prosto bo$$
0,8450,1,0,1,3,0,31,76561198171814417,Faat
0,2700,2,0,0,4,0,31,76561199052717313,Worfy
0,0,0,0,0,0,0,32,76561199256543526,Wybaczam.oficjalnie skins.army
0,0,0,0,0,0,0,32,76561199826895670,RME | Пацан
0,0,0,0,0,0,0,32,76561198002613044,frees.tyler
0,3700,2,0,0,4,0,32,76561198274174345,zig
0,0,0,0,0,0,0,32,76561199433997570,Simple Dimple skins.army
0,9500,0,3,0,0,0,32,76561199557907229,shawty#)$@
0,6550,0,0,0,0,0,32,76561198049602148,Moon
0,11500,0,2,0,0,0,32,76561199068251294,prosto bo$$
0,8450,1,0,1,3,0,32,76561198171814417,Faat
0,2700,2,0,0,4,0,32,76561199052717313,Worfy
0,0,0,0,0,0,0,33,76561199256543526,Wybaczam.oficjalnie skins.army
0,0,0,0,0,0,0,33,76561199826895670,RME | Пацан
0,0,0,0,0,0,0,33,76561198002613044,frees.tyler
0,3700,2,0,0,4,0,33,76561198274174345,zig
0,0,0,0,0,0,0,33,76561199433997570,Simple Dimple skins.army
0,9500,0,3,0,0,0,33,76561199557907229,shawty#)$@
0,6550,0,0,0,0,0,33,76561198049602148,Moon
0,11500,0,2,0,0,0,33,76561199068251294,prosto bo$$
0,8450,1,0,1,3,0,33,76561198171814417,Faat
0,2700,2,0,0,4,0,33,76561199052717313,Worfy
0,0,0,0,0,0,0,34,76561199256543526,Wybaczam.oficjalnie skins.army
0,0,0,0,0,0,0,34,76561199826895670,RME | Пацан
0,0,0,0,0,0,0,34,76561198002613044,frees.tyler
0,3700,2,0,0,4,0,34,76561198274174345,zig
0,0,0,0,0,0,0,34,76561199433997570,Simple Dimple skins.army
0,9500,0,3,0,0,0,34,76561199557907229,shawty#)$@
0,6550,0,0,0,0,0,34,76561198049602148,Moon
0,11500,0,2,0,0,0,34,76561199068251294,prosto bo$$
0,8450,1,0,1,3,0,34,76561198171814417,Faat
0,2700,2,0,0,4,0,34,76561199052717313,Worfy
0,0,0,0,0,0,0,35,76561199256543526,Wybaczam.oficjalnie skins.army
0,0,0,0,0,0,0,35,76561199826895670,RME | Пацан
0,0,0,0,0,0,0,35,76561198002613044,frees.tyler
0,3700,2,0,0,4,0,35,76561198274174345,zig
0,0,0,0,0,0,0,35,76561199433997570,Simple Dimple skins.army
0,9500,0,3,0,0,0,35,76561199557907229,shawty#)$@
0,6550,0,0,0,0,0,35,76561198049602148,Moon
0,11500,0,2,0,0,0,35,76561199068251294,prosto bo$$
0,8450,1,0,1,3,0,35,76561198171814417,Faat
0,2700,2,0,0,4,0,35,76561199052717313,Worfy
0,0,0,0,0,0,0,36,76561199256543526,Wybaczam.oficjalnie skins.army
0,0,0,0,0,0,0,36,76561199826895670,RME | Пацан
0,0,0,0,0,0,0,36,76561198002613044,frees.tyler
0,3700,2,0,0,4,0,36,76561198274174345,zig
0,0,0,0,0,0,0,36,76561199433997570,Simple Dimple skins.army
0,9500,0,3,0,0,0,36,76561199557907229,shawty#)$@
0,6550,0,0,0,0,0,36,76561198049602148,Moon
0,11500,0,2,0,0,0,36,76561199068251294,prosto bo$$
0,8450,1,0,1,3,0,36,76561198171814417,Faat
0,2700,2,0,0,4,0,36,76561199052717313,Worfy
0,0,0,0,0,0,0,37,76561199256543526,Wybaczam.oficjalnie skins.army
0,0,0,0,0,0,0,37,76561199826895670,RME | Пацан
0,0,0,0,0,0,0,37,76561198002613044,frees.tyler
0,3700,2,0,0,4,0,37,76561198274174345,zig
0,0,0,0,0,0,0,37,76561199433997570,Simple Dimple skins.army
0,9500,0,3,0,0,0,37,76561199557907229,shawty#)$@
0,6550,0,0,0,0,0,37,76561198049602148,Moon
0,11500,0,2,0,0,0,37,76561199068251294,prosto bo$$
0,8450,1,0,1,3,0,37,76561198171814417,Faat
0,2700,2,0,0,4,0,37,76561199052717313,Worfy
0,0,0,0,0,0,0,38,76561199256543526,Wybaczam.oficjalnie skins.army
0,0,0,0,0,0,0,38,76561199826895670,RME | Пацан
0,0,0,0,0,0,0,38,76561198002613044,frees.tyler
0,3700,2,0,0,4,0,38,76561198274174345,zig
0,0,0,0,0,0,0,38,76561199433997570,Simple Dimple skins.army
0,9500,0,3,0,0,0,38,76561199557907229,shawty#)$@
0,6550,0,0,0,0,0,38,76561198049602148,Moon
0,11500,0,2,0,0,0,38,76561199068251294,prosto bo$$
0,8450,1,0,1,3,0,38,76561198171814417,Faat
0,2700,2,0,0,4,0,38,76561199052717313,Worfy
0,0,0,0,0,0,0,39,76561199256543526,Wybaczam.oficjalnie skins.army
0,0,0,0,0,0,0,39,76561199826895670,RME | Пацан
0,0,0,0,0,0,0,39,76561198002613044,frees.tyler
0,3700,2,0,0,4,0,39,76561198274174345,zig
0,0,0,0,0,0,0,39,76561199433997570,Simple Dimple skins.army
0,9500,0,3,0,0,0,39,76561199557907229,shawty#)$@
0,6550,0,0,0,0,0,39,76561198049602148,Moon
0,11500,0,2,0,0,0,39,76561199068251294,prosto bo$$
0,8450,1,0,1,3,0,39,76561198171814417,Faat
0,2700,2,0,0,4,0,39,76561199052717313,Worfy
0,0,0,0,0,0,0,40,76561199256543526,Wybaczam.oficjalnie skins.army
0,0,0,0,0,0,0,40,76561199826895670,RME | Пацан
0,0,0,0,0,0,0,40,76561198002613044,frees.tyler
0,3700,2,0,0,4,0,40,76561198274174345,zig
0,0,0,0,0,0,0,40,76561199433997570,Simple Dimple skins.army
0,9500,0,3,0,0,0,40,76561199557907229,shawty#)$@
0,6550,0,0,0,0,0,40,76561198049602148,Moon
0,11500,0,2,0,0,0,40,76561199068251294,prosto bo$$
0,8450,1,0,1,3,0,40,76561198171814417,Faat
0,2700,2,0,0,4,0,40,76561199052717313,Worfy
0,0,0,0,0,0,0,41,76561199256543526,Wybaczam.oficjalnie skins.army
0,0,0,0,0,0,0,41,76561199826895670,RME | Пацан
0,0,0,0,0,0,0,41,76561198002613044,frees.tyler
0,3700,2,0,0,4,0,41,76561198274174345,zig
0,0,0,0,0,0,0,41,76561199433997570,Simple Dimple skins.army
0,9500,0,3,0,0,0,41,76561199557907229,shawty#)$@
0,6550,0,0,0,0,0,41,76561198049602148,Moon
0,11500,0,2,0,0,0,41,76561199068251294,prosto bo$$
0,8450,1,0,1,3,0,41,76561198171814417,Faat
0,2700,2,0,0,4,0,41,76561199052717313,Worfy
0,0,0,0,0,0,0,42,76561199256543526,Wybaczam.oficjalnie skins.army
0,0,0,0,0,0,0,42,76561199826895670,RME | Пацан
0,0,0,0,0,0,0,42,76561198002613044,frees.tyler
0,3700,2,0,0,4,0,42,76561198274174345,zig
0,0,0,0,0,0,0,42,76561199433997570,Simple Dimple skins.army
0,9500,0,3,0,0,0,42,76561199557907229,shawty#)$@
0,6550,0,0,0,0,0,42,76561198049602148,Moon
0,11500,0,2,0,0,0,42,76561199068251294,prosto bo$$
0,8450,1,0,1,3,0,42,76561198171814417,Faat
0,2700,2,0,0,4,0,42,76561199052717313,Worfy
0,0,0,0,0,0,0,43,76561199256543526,Wybaczam.oficjalnie skins.army
0,0,0,0,0,0,0,43,76561199826895670,RME | Пацан
0,0,0,0,0,0,0,43,76561198002613044,frees.tyler
0,3700,2,0,0,4,0,43,76561198274174345,zig
0,0,0,0,0,0,0,43,76561199433997570,Simple Dimple skins.army
0,9500,0,3,0,0,0,43,76561199557907229,shawty#)$@
0,6550,0,0,0,0,0,43,76561198049602148,Moon
0,11500,0,2,0,0,0,43,76561199068251294,prosto bo$$
0,8450,1,0,1,3,0,43,76561198171814417,Faat
0,2700,2,0,0,4,0,43,76561199052717313,Worfy
0,0,0,0,0,0,0,44,76561199256543526,Wybaczam.oficjalnie skins.army
0,0,0,0,0,0,0,44,76561199826895670,RME | Пацан
0,0,0,0,0,0,0,44,76561198002613044,frees.tyler
0,3700,2,0,0,4,0,44,76561198274174345,zig
0,0,0,0,0,0,0,44,76561199433997570,Simple Dimple skins.army
0,9500,0,3,0,0,0,44,76561199557907229,shawty#)$@
0,6550,0,0,0,0,0,44,76561198049602148,Moon
0,11500,0,2,0,0,0,44,76561199068251294,prosto bo$$
0,8450,1,0,1,3,0,44,76561198171814417,Faat
0,2700,2,0,0,4,0,44,76561199052717313,Worfy
0,0,0,0,0,0,0,45,76561199256543526,Wybaczam.oficjalnie skins.army
0,0,0,0,0,0,0,45,76561199826895670,RME | Пацан
0,0,0,0,0,0,0,45,76561198002613044,frees.tyler
0,3700,2,0,0,4,0,45,76561198274174345,zig
0,0,0,0,0,0,0,45,76561199433997570,Simple Dimple skins.army
0,9500,0,3,0,0,0,45,76561199557907229,shawty#)$@
0,6550,0,0,0,0,0,45,76561198049602148,Moon
0,11500,0,2,0,0,0,45,76561199068251294,prosto bo$$
0,8450,1,0,1,3,0,45,76561198171814417,Faat
0,2700,2,0,0,4,0,45,76561199052717313,Worfy
0,0,0,0,0,0,0,46,76561199256543526,Wybaczam.oficjalnie skins.army
0,0,0,0,0,0,0,46,76561199826895670,RME | Пацан
0,0,0,0,0,0,0,46,76561198002613044,frees.tyler
0,3700,2,0,0,4,0,46,76561198274174345,zig
0,0,0,0,0,0,0,46,76561199433997570,Simple Dimple skins.army
0,9500,0,3,0,0,0,46,76561199557907229,shawty#)$@
0,6550,0,0,0,0,0,46,76561198049602148,Moon
0,11500,0,2,0,0,0,46,76561199068251294,prosto bo$$
0,8450,1,0,1,3,0,46,76561198171814417,Faat
0,2700,2,0,0,4,0,46,76561199052717313,Worfy
0,0,0,0,0,0,0,47,76561199256543526,Wybaczam.oficjalnie skins.army
0,0,0,0,0,0,0,47,76561199826895670,RME | Пацан
0,0,0,0,0,0,0,47,76561198002613044,frees.tyler
0,3700,2,0,0,4,0,47,76561198274174345,zig
0,0,0,0,0,0,0,47,76561199433997570,Simple Dimple skins.army
0,9500,0,3,0,0,0,47,76561199557907229,shawty#)$@
0,6550,0,0,0,0,0,47,76561198049602148,Moon
0,11500,0,2,0,0,0,47,76561199068251294,prosto bo$$
0,8450,1,0,1,3,0,47,76561198171814417,Faat
0,2700,2,0,0,4,0,47,76561199052717313,Worfy
0,0,0,0,0,0,0,48,76561199256543526,Wybaczam.oficjalnie skins.army
0,0,0,0,0,0,0,48,76561199826895670,RME | Пацан
0,0,0,0,0,0,0,48,76561198002613044,frees.tyler
0,3700,2,0,0,4,0,48,76561198274174345,zig
0,0,0,0,0,0,0,48,76561199433997570,Simple Dimple skins.army
0,9500,0,3,0,0,0,48,76561199557907229,shawty#)$@
0,6550,0,0,0,0,0,48,76561198049602148,Moon
0,11500,0,2,0,0,0,48,76561199068251294,prosto bo$$
0,8450,1,0,1,3,0,48,76561198171814417,Faat
0,2700,2,0,0,4,0,48,76561199052717313,Worfy
0,0,0,0,0,0,0,49,76561199256543526,Wybaczam.oficjalnie skins.army
0,0,0,0,0,0,0,49,76561199826895670,RME | Пацан
0,0,0,0,0,0,0,49,76561198002613044,frees.tyler
0,3700,2,0,0,4,0,49,76561198274174345,zig
0,0,0,0,0,0,0,49,76561199433997570,Simple Dimple skins.army
0,9500,0,3,0,0,0,49,76561199557907229,shawty#)$@
0,6550,0,0,0,0,0,49,76561198049602148,Moon
0,11500,0,2,0,0,0,49,76561199068251294,prosto bo$$
0,8450,1,0,1,3,0,49,76561198171814417,Faat
0,2700,2,0,0,4,0,49,76561199052717313,Worfy
0,0,0,0,0,0,0,50,76561199256543526,Wybaczam.oficjalnie skins.army
0,0,0,0,0,0,0,50,76561199826895670,RME | Пацан
0,0,0,0,0,0,0,50,76561198002613044,frees.tyler
0,3700,2,0,0,4,0,50,76561198274174345,zig
0,0,0,0,0,0,0,50,76561199433997570,Simple Dimple skins.army
0,9500,0,3,0,0,0,50,76561199557907229,shawty#)$@
0,6550,0,0,0,0,0,50,76561198049602148,Moon
0,11500,0,2,0,0,0,50,76561199068251294,prosto bo$$
0,8450,1,0,1,3,0,50,76561198171814417,Faat
0,2700,2,0,0,4,0,50,76561199052717313,Worfy
0,0,0,0,0,0,0,51,76561199256543526,Wybaczam.oficjalnie skins.army
0,0,0,0,0,0,0,51,76561199826895670,RME | Пацан
0,0,0,0,0,0,0,51,76561198002613044,frees.tyler
0,3700,2,0,0,4,0,51,76561198274174345,zig
0,0,0,0,0,0,0,51,76561199433997570,Simple Dimple skins.army
0,9500,0,3,0,0,0,51,76561199557907229,shawty#)$@
0,6550,0,0,0,0,0,51,76561198049602148,Moon
0,11500,0,2,0,0,0,51,76561199068251294,prosto bo$$
0,8450,1,0,1,3,0,51,76561198171814417,Faat
0,2700,2,0,0,4,0,51,76561199052717313,Worfy
0,0,0,0,0,0,0,52,76561199256543526,Wybaczam.oficjalnie skins.army
0,0,0,0,0,0,0,52,76561199826895670,RME | Пацан
0,0,0,0,0,0,0,52,76561198002613044,frees.tyler
0,3700,2,0,0,4,0,52,76561198274174345,zig
0,0,0,0,0,0,0,52,76561199433997570,Simple Dimple skins.army
0,9500,0,3,0,0,0,52,76561199557907229,shawty#)$@
0,6550,0,0,0,0,0,52,76561198049602148,Moon
0,11500,0,2,0,0,0,52,76561199068251294,prosto bo$$
0,8450,1,0,1,3,0,52,76561198171814417,Faat
0,2700,2,0,0,4,0,52,76561199052717313,Worfy
0,0,0,0,0,0,0,53,76561199256543526,Wybaczam.oficjalnie skins.army
0,0,0,0,0,0,0,53,76561199826895670,RME | Пацан
0,0,0,0,0,0,0,53,76561198002613044,frees.tyler
0,3700,2,0,0,4,0,53,76561198274174345,zig
0,0,0,0,0,0,0,53,76561199433997570,Simple Dimple skins.army
0,9500,0,3,0,0,0,53,76561199557907229,shawty#)$@
0,6550,0,0,0,0,0,53,76561198049602148,Moon
0,11500,0,2,0,0,0,53,76561199068251294,prosto bo$$
0,8450,1,0,1,3,0,53,76561198171814417,Faat
0,2700,2,0,0,4,0,53,76561199052717313,Worfy
0,0,0,0,0,0,0,54,76561199256543526,Wybaczam.oficjalnie skins.army
0,0,0,0,0,0,0,54,76561199826895670,RME | Пацан
0,0,0,0,0,0,0,54,76561198002613044,frees.tyler
0,3700,2,0,0,4,0,54,76561198274174345,zig
0,0,0,0,0,0,0,54,76561199433997570,Simple Dimple skins.army
0,9500,0,3,0,0,0,54,76561199557907229,shawty#)$@
0,6550,0,0,0,0,0,54,76561198049602148,Moon
0,11500,0,2,0,0,0,54,76561199068251294,prosto bo$$
0,8450,1,0,1,3,0,54,76561198171814417,Faat
0,2700,2,0,0,4,0,54,76561199052717313,Worfy
0,0,0,0,0,0,0,55,76561199256543526,Wybaczam.oficjalnie skins.army
0,0,0,0,0,0,0,55,76561199826895670,RME | Пацан
0,0,0,0,0,0,0,55,76561198002613044,frees.tyler
0,3700,2,0,0,4,0,55,76561198274174345,zig
0,0,0,0,0,0,0,55,76561199433997570,Simple Dimple skins.army
0,9500,0,3,0,0,0,55,76561199557907229,shawty#)$@
0,6550,0,0,0,0,0,55,76561198049602148,Moon
0,11500,0,2,0,0,0,55,76561199068251294,prosto bo$$
0,8450,1,0,1,3,0,55,76561198171814417,Faat
0,2700,2,0,0,4,0,55,76561199052717313,Worfy
0,0,0,0,0,0,0,56,76561199256543526,Wybaczam.oficjalnie skins.army
0,0,0,0,0,0,0,56,76561199826895670,RME | Пацан
0,0,0,0,0,0,0,56,76561198002613044,frees.tyler
0,3700,2,0,0,4,0,56,76561198274174345,zig
0,0,0,0,0,0,0,56,76561199433997570,Simple Dimple skins.army
0,9500,0,3,0,0,0,56,76561199557907229,shawty#)$@
0,6550,0,0,0,0,0,56,76561198049602148,Moon
0,11500,0,2,0,0,0,56,76561199068251294,prosto bo$$
0,8450,1,0,1,3,0,56,76561198171814417,Faat
0,2700,2,0,0,4,0,56,76561199052717313,Worfy
0,0,0,0,0,0,0,57,76561199256543526,Wybaczam.oficjalnie skins.army
0,0,0,0,0,0,0,57,76561199826895670,RME | Пацан
0,0,0,0,0,0,0,57,76561198002613044,frees.tyler
0,3700,2,0,0,4,0,57,76561198274174345,zig
0,0,0,0,0,0,0,57,76561199433997570,Simple Dimple skins.army
0,9500,0,3,0,0,0,57,76561199557907229,shawty#)$@
0,6550,0,0,0,0,0,57,76561198049602148,Moon
0,11500,0,2,0,0,0,57,76561199068251294,prosto bo$$
0,8450,1,0,1,3,0,57,76561198171814417,Faat
0,2700,2,0,0,4,0,57,76561199052717313,Worfy
0,0,0,0,0,0,0,58,76561199256543526,Wybaczam.oficjalnie skins.army
0,0,0,0,0,0,0,58,76561199826895670,RME | Пацан
0,0,0,0,0,0,0,58,76561198002613044,frees.tyler
0,3700,2,0,0,4,0,58,76561198274174345,zig
0,0,0,0,0,0,0,58,76561199433997570,Simple Dimple skins.army
0,9500,0,3,0,0,0,58,76561199557907229,shawty#)$@
0,6550,0,0,0,0,0,58,76561198049602148,Moon
0,11500,0,2,0,0,0,58,76561199068251294,prosto bo$$
0,8450,1,0,1,3,0,58,76561198171814417,Faat
0,2700,2,0,0,4,0,58,76561199052717313,Worfy
0,0,0,0,0,0,0,59,76561199256543526,Wybaczam.oficjalnie skins.army
0,0,0,0,0,0,0,59,76561199826895670,RME | Пацан
0,0,0,0,0,0,0,59,76561198002613044,frees.tyler
0,3700,2,0,0,4,0,59,76561198274174345,zig
0,0,0,0,0,0,0,59,76561199433997570,Simple Dimple skins.army
0,9500,0,3,0,0,0,59,76561199557907229,shawty#)$@
0,6550,0,0,0,0,0,59,76561198049602148,Moon
0,11500,0,2,0,0,0,59,76561199068251294,prosto bo$$
0,8450,1,0,1,3,0,59,76561198171814417,Faat
0,2700,2,0,0,4,0,59,76561199052717313,Worfy
0,0,0,0,0,0,0,60,76561199256543526,Wybaczam.oficjalnie skins.army
0,0,0,0,0,0,0,60,76561199826895670,RME | Пацан
0,0,0,0,0,0,0,60,76561198002613044,frees.tyler
0,3700,2,0,0,4,0,60,76561198274174345,zig
0,0,0,0,0,0,0,60,76561199433997570,Simple Dimple skins.army
0,9500,0,3,0,0,0,60,76561199557907229,shawty#)$@
0,6550,0,0,0,0,0,60,76561198049602148,Moon
0,11500,0,2,0,0,0,60,76561199068251294,prosto bo$$
0,8450,1,0,1,3,0,60,76561198171814417,Faat
0,2700,2,0,0,4,0,60,76561199052717313,Worfy
0,0,0,0,0,0,0,61,76561199256543526,Wybaczam.oficjalnie skins.army
0,0,0,0,0,0,0,61,76561199826895670,RME | Пацан
0,0,0,0,0,0,0,61,76561198002613044,frees.tyler
0,3700,2,0,0,4,0,61,76561198274174345,zig
0,0,0,0,0,0,0,61,76561199433997570,Simple Dimple skins.army
0,9500,0,3,0,0,0,61,76561199557907229,shawty#)$@
0,6550,0,0,0,0,0,61,76561198049602148,Moon
0,11500,0,2,0,0,0,61,76561199068251294,prosto bo$$
0,8450,1,0,1,3,0,61,76561198171814417,Faat
0,2700,2,0,0,4,0,61,76561199052717313,Worfy
0,0,0,0,0,0,0,62,76561199256543526,Wybaczam.oficjalnie skins.army
0,0,0,0,0,0,0,62,76561199826895670,RME | Пацан
0,0,0,0,0,0,0,62,76561198002613044,frees.tyler
0,3700,2,0,0,4,0,62,76561198274174345,zig
0,0,0,0,0,0,0,62,76561199433997570,Simple Dimple skins.army
0,9500,0,3,0,0,0,62,76561199557907229,shawty#)$@
0,6550,0,0,0,0,0,62,76561198049602148,Moon
0,11500,0,2,0,0,0,62,76561199068251294,prosto bo$$
0,8450,1,0,1,3,0,62,76561198171814417,Faat
0,2700,2,0,0,4,0,62,76561199052717313,Worfy
0,0,0,0,0,0,0,63,76561199256543526,Wybaczam.oficjalnie skins.army
0,0,0,0,0,0,0,63,76561199826895670,RME | Пацан
0,0,0,0,0,0,0,63,76561198002613044,frees.tyler
0,3700,2,0,0,4,0,63,76561198274174345,zig
0,0,0,0,0,0,0,63,76561199433997570,Simple Dimple skins.army
0,9500,0,3,0,0,0,63,76561199557907229,shawty#)$@
0,6550,0,0,0,0,0,63,76561198049602148,Moon
0,11500,0,2,0,0,0,63,76561199068251294,prosto bo$$
0,8450,1,0,1,3,0,63,76561198171814417,Faat
0,2700,2,0,0,4,0,63,76561199052717313,Worfy
0,0,0,0,0,0,0,64,76561199256543526,Wybaczam.oficjalnie skins.army
0,0,0,0,0,0,0,64,76561199826895670,RME | Пацан
0,0,0,0,0,0,0,64,76561198002613044,frees.tyler
0,3700,2,0,0,4,0,64,76561198274174345,zig
0,0,0,0,0,0,0,64,76561199433997570,Simple Dimple skins.army
0,9500,0,3,0,0,0,64,76561199557907229,shawty#)$@
0,6550,0,0,0,0,0,64,76561198049602148,Moon
0,11500,0,2,0,0,0,64,76561199068251294,prosto bo$$
0,8450,1,0,1,3,0,64,76561198171814417,Faat
0,2700,2,0,0,4,0,64,76561199052717313,Worfy
0,0,0,0,0,0,0,65,76561199256543526,Wybaczam.oficjalnie skins.army
0,0,0,0,0,0,0,65,76561199826895670,RME | Пацан
0,0,0,0,0,0,0,65,76561198002613044,frees.tyler
0,0,0,0,0,0,0,65,76561198274174345,zig
0,0,0,0,0,0,0,65,76561199433997570,Simple Dimple skins.army
0,0,0,0,0,0,0,65,76561199557907229,shawty#)$@
0,0,0,0,0,0,0,65,76561198049602148,Moon
0,0,0,0,0,0,0,65,76561199068251294,prosto bo$$
0,0,0,0,0,0,0,65,76561198171814417,Faat
0,0,0,0,0,0,0,65,76561199052717313,Worfy
0,0,0,0,0,0,0,67,76561199256543526,Wybaczam.oficjalnie skins.army
0,0,0,0,0,0,0,67,76561199826895670,RME | Пацан
0,0,0,0,0,0,0,67,76561198002613044,frees.tyler
0,0,0,0,0,0,0,67,76561198274174345,zig
0,0,0,0,0,0,0,67,76561199433997570,Simple Dimple skins.army
0,0,0,0,0,0,0,67,76561199557907229,shawty#)$@
0,0,0,0,0,0,0,67,76561198049602148,Moon
0,0,0,0,0,0,0,67,76561199068251294,prosto bo$$
0,0,0,0,0,0,0,67,76561198171814417,Faat
0,0,0,0,0,0,0,67,76561199052717313,Worfy
0,0,0,0,0,0,0,68,76561199256543526,Wybaczam.oficjalnie skins.army
0,0,0,0,0,0,0,68,76561199826895670,RME | Пацан
0,0,0,0,0,0,0,68,76561198002613044,frees.tyler
0,0,0,0,0,0,0,68,76561198274174345,zig
0,0,0,0,0,0,0,68,76561199433997570,Simple Dimple skins.army
0,0,0,0,0,0,0,68,76561199557907229,shawty#)$@
0,0,0,0,0,0,0,68,76561198049602148,Moon
0,0,0,0,0,0,0,68,76561199068251294,prosto bo$$
0,0,0,0,0,0,0,68,76561198171814417,Faat
0,0,0,0,0,0,0,68,76561199052717313,Worfy
0,0,0,0,0,0,0,69,76561199256543526,Wybaczam.oficjalnie skins.army
0,0,0,0,0,0,0,69,76561199826895670,RME | Пацан
0,0,0,0,0,0,0,69,76561198002613044,frees.tyler
0,0,0,0,0,0,0,69,76561198274174345,zig
0,0,0,0,0,0,0,69,76561199433997570,Simple Dimple skins.army
0,0,0,0,0,0,0,69,76561199557907229,shawty#)$@
0,0,0,0,0,0,0,69,76561198049602148,Moon
0,0,0,0,0,0,0,69,76561199068251294,prosto bo$$
0,0,0,0,0,0,0,69,76561198171814417,Faat
0,0,0,0,0,0,0,69,76561199052717313,Worfy
0,0,0,0,0,0,0,70,76561199256543526,Wybaczam.oficjalnie skins.army
0,0,0,0,0,0,0,70,76561199826895670,RME | Пацан
0,0,0,0,0,0,0,70,76561198002613044,frees.tyler
0,0,0,0,0,0,0,70,76561198274174345,zig
0,0,0,0,0,0,0,70,76561199433997570,Simple Dimple skins.army
0,0,0,0,0,0,0,70,76561199557907229,shawty#)$@
0,0,0,0,0,0,0,70,76561198049602148,Moon
0,0,0,0,0,0,0,70,76561199068251294,prosto bo$$
0,0,0,0,0,0,0,70,76561198171814417,Faat
0,0,0,0,0,0,0,70,76561199052717313,Worfy
0,0,0,0,0,0,0,71,76561199256543526,Wybaczam.oficjalnie skins.army
0,0,0,0,0,0,0,71,76561199826895670,RME | Пацан
0,0,0,0,0,0,0,71,76561198002613044,frees.tyler
0,0,0,0,0,0,0,71,76561198274174345,zig
0,0,0,0,0,0,0,71,76561199433997570,Simple Dimple skins.army
0,0,0,0,0,0,0,71,76561199557907229,shawty#)$@
0,0,0,0,0,0,0,71,76561198049602148,Moon
0,0,0,0,0,0,0,71,76561199068251294,prosto bo$$
0,0,0,0,0,0,0,71,76561198171814417,Faat
0,0,0,0,0,0,0,71,76561199052717313,Worfy
0,0,0,0,0,0,0,72,76561199256543526,Wybaczam.oficjalnie skins.army
0,0,0,0,0,0,0,72,76561199826895670,RME | Пацан
0,0,0,0,0,0,0,72,76561198002613044,frees.tyler
0,0,0,0,0,0,0,72,76561198274174345,zig
0,0,0,0,0,0,0,72,76561199433997570,Simple Dimple skins.army
0,0,0,0,0,0,0,72,76561199557907229,shawty#)$@
0,0,0,0,0,0,0,72,76561198049602148,Moon
0,0,0,0,0,0,0,72,76561199068251294,prosto bo$$
0,0,0,0,0,0,0,72,76561198171814417,Faat
0,0,0,0,0,0,0,72,76561199052717313,Worfy
0,0,0,0,0,0,0,73,76561199256543526,Wybaczam.oficjalnie skins.army
0,0,0,0,0,0,0,73,76561199826895670,RME | Пацан
0,0,0,0,0,0,0,73,76561198002613044,frees.tyler
0,0,0,0,0,0,0,73,76561198274174345,zig
0,0,0,0,0,0,0,73,76561199433997570,Simple Dimple skins.army
0,0,0,0,0,0,0,73,76561199557907229,shawty#)$@
0,0,0,0,0,0,0,73,76561198049602148,Moon
0,0,0,0,0,0,0,73,76561199068251294,prosto bo$$
0,0,0,0,0,0,0,73,76561198171814417,Faat
0,0,0,0,0,0,0,73,76561199052717313,Worfy
0,0,0,0,0,0,0,74,76561199256543526,Wybaczam.oficjalnie skins.army
0,0,0,0,0,0,0,74,76561199826895670,RME | Пацан
0,0,0,0,0,0,0,74,76561198002613044,frees.tyler
0,0,0,0,0,0,0,74,76561198274174345,zig
0,0,0,0,0,0,0,74,76561199433997570,Simple Dimple skins.army
0,0,0,0,0,0,0,74,76561199557907229,shawty#)$@
0,0,0,0,0,0,0,74,76561198049602148,Moon
0,0,0,0,0,0,0,74,76561199068251294,prosto bo$$
0,0,0,0,0,0,0,74,76561198171814417,Faat
0,0,0,0,0,0,0,74,76561199052717313,Worfy
0,0,0,0,0,0,0,75,76561199256543526,Wybaczam.oficjalnie skins.army
0,0,0,0,0,0,0,75,76561199826895670,RME | Пацан
0,0,0,0,0,0,0,75,76561198002613044,frees.tyler
0,0,0,0,0,0,0,75,76561198274174345,zig
0,0,0,0,0,0,0,75,76561199433997570,Simple Dimple skins.army
0,0,0,0,0,0,0,75,76561199557907229,shawty#)$@
0,0,0,0,0,0,0,75,76561198049602148,Moon
0,0,0,0,0,0,0,75,76561199068251294,prosto bo$$
0,0,0,0,0,0,0,75,76561198171814417,Faat
0,0,0,0,0,0,0,75,76561199052717313,Worfy
0,0,0,0,0,0,0,76,76561199256543526,Wybaczam.oficjalnie skins.army
0,0,0,0,0,0,0,76,76561199826895670,RME | Пацан
0,0,0,0,0,0,0,76,76561198002613044,frees.tyler
0,0,0,0,0,0,0,76,76561198274174345,zig
0,0,0,0,0,0,0,76,76561199433997570,Simple Dimple skins.army
0,0,0,0,0,0,0,76,76561199557907229,shawty#)$@
0,0,0,0,0,0,0,76,76561198049602148,Moon
0,0,0,0,0,0,0,76,76561199068251294,prosto bo$$
0,0,0,0,0,0,0,76,76561198171814417,Faat
0,0,0,0,0,0,0,76,76561199052717313,Worfy
0,0,0,0,0,0,0,77,76561199256543526,Wybaczam.oficjalnie skins.army
0,0,0,0,0,0,0,77,76561199826895670,RME | Пацан
0,0,0,0,0,0,0,77,76561198002613044,frees.tyler
0,0,0,0,0,0,0,77,76561198274174345,zig
0,0,0,0,0,0,0,77,76561199433997570,Simple Dimple skins.army
0,0,0,0,0,0,0,77,76561199557907229,shawty#)$@
0,0,0,0,0,0,0,77,76561198049602148,Moon
0,0,0,0,0,0,0,77,76561199068251294,prosto bo$$
0,0,0,0,0,0,0,77,76561198171814417,Faat
0,0,0,0,0,0,0,77,76561199052717313,Worfy
0,0,0,0,0,0,0,78,76561199256543526,Wybaczam.oficjalnie skins.army
0,0,0,0,0,0,0,78,76561199826895670,RME | Пацан
0,0,0,0,0,0,0,78,76561198002613044,frees.tyler
0,0,0,0,0,0,0,78,76561198274174345,zig
0,0,0,0,0,0,0,78,76561199433997570,Simple Dimple skins.army
0,0,0,0,0,0,0,78,76561199557907229,shawty#)$@
0,0,0,0,0,0,0,78,76561198049602148,Moon
0,0,0,0,0,0,0,78,76561199068251294,prosto bo$$
0,0,0,0,0,0,0,78,76561198171814417,Faat
0,0,0,0,0,0,0,78,76561199052717313,Worfy
0,0,0,0,0,0,0,79,76561199256543526,Wybaczam.oficjalnie skins.army
0,0,0,0,0,0,0,79,76561199826895670,RME | Пацан
0,0,0,0,0,0,0,79,76561198002613044,frees.tyler
0,0,0,0,0,0,0,79,76561198274174345,zig
0,0,0,0,0,0,0,79,76561199433997570,Simple Dimple skins.army
0,0,0,0,0,0,0,79,76561199557907229,shawty#)$@
0,0,0,0,0,0,0,79,76561198049602148,Moon
0,0,0,0,0,0,0,79,76561199068251294,prosto bo$$
0,0,0,0,0,0,0,79,76561198171814417,Faat
0,0,0,0,0,0,0,79,76561199052717313,Worfy
0,0,0,0,0,0,0,80,76561199256543526,Wybaczam.oficjalnie skins.army
0,0,0,0,0,0,0,80,76561199826895670,RME | Пацан
0,0,0,0,0,0,0,80,76561198002613044,frees.tyler
0,0,0,0,0,0,0,80,76561198274174345,zig
0,0,0,0,0,0,0,80,76561199433997570,Simple Dimple skins.army
0,0,0,0,0,0,0,80,76561199557907229,shawty#)$@
0,0,0,0,0,0,0,80,76561198049602148,Moon
0,0,0,0,0,0,0,80,76561199068251294,prosto bo$$
0,0,0,0,0,0,0,80,76561198171814417,Faat
0,0,0,0,0,0,0,80,76561199052717313,Worfy
0,0,0,0,0,0,0,81,76561199256543526,Wybaczam.oficjalnie skins.army
0,0,0,0,0,0,0,81,76561199826895670,RME | Пацан
0,0,0,0,0,0,0,81,76561198002613044,frees.tyler
0,0,0,0,0,0,0,81,76561198274174345,zig
0,0,0,0,0,0,0,81,76561199433997570,Simple Dimple skins.army
0,0,0,0,0,0,0,81,76561199557907229,shawty#)$@
0,0,0,0,0,0,0,81,76561198049602148,Moon
0,0,0,0,0,0,0,81,76561199068251294,prosto bo$$
0,0,0,0,0,0,0,81,76561198171814417,Faat
0,0,0,0,0,0,0,81,76561199052717313,Worfy
0,0,0,0,0,0,0,82,76561199256543526,Wybaczam.oficjalnie skins.army
0,0,0,0,0,0,0,82,76561199826895670,RME | Пацан
0,0,0,0,0,0,0,82,76561198002613044,frees.tyler
0,0,0,0,0,0,0,82,76561198274174345,zig
0,0,0,0,0,0,0,82,76561199433997570,Simple Dimple skins.army
0,0,0,0,0,0,0,82,76561199557907229,shawty#)$@
0,0,0,0,0,0,0,82,76561198049602148,Moon
0,0,0,0,0,0,0,82,76561199068251294,prosto bo$$
0,0,0,0,0,0,0,82,76561198171814417,Faat
0,0,0,0,0,0,0,82,76561199052717313,Worfy
0,0,0,0,0,0,0,83,76561199256543526,Wybaczam.oficjalnie skins.army
0,0,0,0,0,0,0,83,76561199826895670,RME | Пацан
0,0,0,0,0,0,0,83,76561198002613044,frees.tyler
0,0,0,0,0,0,0,83,76561198274174345,zig
0,0,0,0,0,0,0,83,76561199433997570,Simple Dimple skins.army
0,0,0,0,0,0,0,83,76561199557907229,shawty#)$@
0,0,0,0,0,0,0,83,76561198049602148,Moon
0,0,0,0,0,0,0,83,76561199068251294,prosto bo$$
0,0,0,0,0,0,0,83,76561198171814417,Faat
0,0,0,0,0,0,0,83,76561199052717313,Worfy
0,0,0,0,0,0,0,84,76561199256543526,Wybaczam.oficjalnie skins.army
0,0,0,0,0,0,0,84,76561199826895670,RME | Пацан
0,0,0,0,0,0,0,84,76561198002613044,frees.tyler
0,0,0,0,0,0,0,84,76561198274174345,zig
0,0,0,0,0,0,0,84,76561199433997570,Simple Dimple skins.army
0,0,0,0,0,0,0,84,76561199557907229,shawty#)$@
0,0,0,0,0,0,0,84,76561198049602148,Moon
0,0,0,0,0,0,0,84,76561199068251294,prosto bo$$
0,0,0,0,0,0,0,84,76561198171814417,Faat
0,0,0,0,0,0,0,84,76561199052717313,Worfy
0,0,0,0,0,0,0,85,76561199256543526,Wybaczam.oficjalnie skins.army
0,0,0,0,0,0,0,85,76561199826895670,RME | Пацан
0,0,0,0,0,0,0,85,76561198002613044,frees.tyler
0,0,0,0,0,0,0,85,76561198274174345,zig
0,0,0,0,0,0,0,85,76561199433997570,Simple Dimple skins.army
0,0,0,0,0,0,0,85,76561199557907229,shawty#)$@
0,0,0,0,0,0,0,85,76561198049602148,Moon
0,0,0,0,0,0,0,85,76561199068251294,prosto bo$$
0,0,0,0,0,0,0,85,76561198171814417,Faat
0,0,0,0,0,0,0,85,76561199052717313,Worfy
0,0,0,0,0,0,0,86,76561199256543526,Wybaczam.oficjalnie skins.army
0,0,0,0,0,0,0,86,76561199826895670,RME | Пацан
0,0,0,0,0,0,0,86,76561198002613044,frees.tyler
0,0,0,0,0,0,0,86,76561198274174345,zig
0,0,0,0,0,0,0,86,76561199433997570,Simple Dimple skins.army
0,0,0,0,0,0,0,86,76561199557907229,shawty#)$@
0,0,0,0,0,0,0,86,76561198049602148,Moon
0,0,0,0,0,0,0,86,76561199068251294,prosto bo$$
0,0,0,0,0,0,0,86,76561198171814417,Faat
0,0,0,0,0,0,0,86,76561199052717313,Worfy
0,0,0,0,0,0,0,87,76561199256543526,Wybaczam.oficjalnie skins.army
0,0,0,0,0,0,0,87,76561199826895670,RME | Пацан
0,0,0,0,0,0,0,87,76561198002613044,frees.tyler
0,0,0,0,0,0,0,87,76561198274174345,zig
0,0,0,0,0,0,0,87,76561199433997570,Simple Dimple skins.army
0,0,0,0,0,0,0,87,76561199557907229,shawty#)$@
0,0,0,0,0,0,0,87,76561198049602148,Moon
0,0,0,0,0,0,0,87,76561199068251294,prosto bo$$
0,0,0,0,0,0,0,87,76561198171814417,Faat
0,0,0,0,0,0,0,87,76561199052717313,Worfy
0,0,0,0,0,0,0,88,76561199256543526,Wybaczam.oficjalnie skins.army
0,0,0,0,0,0,0,88,76561199826895670,RME | Пацан
0,0,0,0,0,0,0,88,76561198002613044,frees.tyler
0,0,0,0,0,0,0,88,76561198274174345,zig
0,0,0,0,0,0,0,88,76561199433997570,Simple Dimple skins.army
0,0,0,0,0,0,0,88,76561199557907229,shawty#)$@
0,0,0,0,0,0,0,88,76561198049602148,Moon
0,0,0,0,0,0,0,88,76561199068251294,prosto bo$$
0,0,0,0,0,0,0,88,76561198171814417,Faat
0,0,0,0,0,0,0,88,76561199052717313,Worfy
0,0,0,0,0,0,0,89,76561199256543526,Wybaczam.oficjalnie skins.army
0,0,0,0,0,0,0,89,76561199826895670,RME | Пацан
0,0,0,0,0,0,0,89,76561198002613044,frees.tyler
0,0,0,0,0,0,0,89,76561198274174345,zig
0,0,0,0,0,0,0,89,76561199433997570,Simple Dimple skins.army
0,0,0,0,0,0,0,89,76561199557907229,shawty#)$@
0,0,0,0,0,0,0,89,76561198049602148,Moon
0,0,0,0,0,0,0,89,76561199068251294,prosto bo$$
0,0,0,0,0,0,0,89,76561198171814417,Faat
0,0,0,0,0,0,0,89,76561199052717313,Worfy
0,0,0,0,0,0,0,90,76561199256543526,Wybaczam.oficjalnie skins.army
0,0,0,0,0,0,0,90,76561199826895670,RME | Пацан
0,0,0,0,0,0,0,90,76561198002613044,frees.tyler
0,0,0,0,0,0,0,90,76561198274174345,zig
0,0,0,0,0,0,0,90,76561199433997570,Simple Dimple skins.army
0,0,0,0,0,0,0,90,76561199557907229,shawty#)$@
0,0,0,0,0,0,0,90,76561198049602148,Moon
0,0,0,0,0,0,0,90,76561199068251294,prosto bo$$
0,0,0,0,0,0,0,90,76561198171814417,Faat
0,0,0,0,0,0,0,90,76561199052717313,Worfy
0,0,0,0,0,0,0,91,76561199256543526,Wybaczam.oficjalnie skins.army
0,0,0,0,0,0,0,91,76561199826895670,RME | Пацан
0,0,0,0,0,0,0,91,76561198002613044,frees.tyler
0,0,0,0,0,0,0,91,76561198274174345,zig
0,0,0,0,0,0,0,91,76561199433997570,Simple Dimple skins.army
0,0,0,0,0,0,0,91,76561199557907229,shawty#)$@
0,0,0,0,0,0,0,91,76561198049602148,Moon
0,0,0,0,0,0,0,91,76561199068251294,prosto bo$$
0,0,0,0,0,0,0,91,76561198171814417,Faat
0,0,0,0,0,0,0,91,76561199052717313,Worfy
0,0,0,0,0,0,0,92,76561199256543526,Wybaczam.oficjalnie skins.army
0,0,0,0,0,0,0,92,76561199826895670,RME | Пацан
0,0,0,0,0,0,0,92,76561198002613044,frees.tyler
0,0,0,0,0,0,0,92,76561198274174345,zig
0,0,0,0,0,0,0,92,76561199433997570,Simple Dimple skins.army
0,0,0,0,0,0,0,92,76561199557907229,shawty#)$@
0,0,0,0,0,0,0,92,76561198049602148,Moon
0,0,0,0,0,0,0,92,76561199068251294,prosto bo$$
0,0,0,0,0,0,0,92,76561198171814417,Faat
0,0,0,0,0,0,0,92,76561199052717313,Worfy
0,0,0,0,0,0,0,93,76561199256543526,Wybaczam.oficjalnie skins.army
0,0,0,0,0,0,0,93,76561199826895670,RME | Пацан
0,0,0,0,0,0,0,93,76561198002613044,frees.tyler
0,0,0,0,0,0,0,93,76561198274174345,zig
0,0,0,0,0,0,0,93,76561199433997570,Simple Dimple skins.army
0,0,0,0,0,0,0,93,76561199557907229,shawty#)$@
0,0,0,0,0,0,0,93,76561198049602148,Moon
0,0,0,0,0,0,0,93,76561199068251294,prosto bo$$
0,0,0,0,0,0,0,93,76561198171814417,Faat
0,0,0,0,0,0,0,93,76561199052717313,Worfy
0,0,0,0,0,0,0,94,76561199256543526,Wybaczam.oficjalnie skins.army
0,0,0,0,0,0,0,94,76561199826895670,RME | Пацан
0,0,0,0,0,0,0,94,76561198002613044,frees.tyler
0,0,0,0,0,0,0,94,76561198274174345,zig
0,0,0,0,0,0,0,94,76561199433997570,Simple Dimple skins.army
0,0,0,0,0,0,0,94,76561199557907229,shawty#)$@
0,0,0,0,0,0,0,94,76561198049602148,Moon
0,0,0,0,0,0,0,94,76561199068251294,prosto bo$$
0,0,0,0,0,0,0,94,76561198171814417,Faat
0,0,0,0,0,0,0,94,76561199052717313,Worfy
0,0,0,0,0,0,0,95,76561199256543526,Wybaczam.oficjalnie skins.army
0,0,0,0,0,0,0,95,76561199826895670,RME | Пацан
0,0,0,0,0,0,0,95,76561198002613044,frees.tyler
0,0,0,0,0,0,0,95,76561198274174345,zig
0,0,0,0,0,0,0,95,76561199433997570,Simple Dimple skins.army
0,0,0,0,0,0,0,95,76561199557907229,shawty#)$@
0,0,0,0,0,0,0,95,76561198049602148,Moon
0,0,0,0,0,0,0,95,76561199068251294,prosto bo$$
0,0,0,0,0,0,0,95,76561198171814417,Faat
0,0,0,0,0,0,0,95,76561199052717313,Worfy
0,0,0,0,0,0,0,96,76561199256543526,Wybaczam.oficjalnie skins.army
0,0,0,0,0,0,0,96,76561199826895670,RME | Пацан
0,0,0,0,0,0,0,96,76561198002613044,frees.tyler
0,0,0,0,0,0,0,96,76561198274174345,zig
0,0,0,0,0,0,0,96,76561199433997570,Simple Dimple skins.army
0,0,0,0,0,0,0,96,76561199557907229,shawty#)$@
0,0,0,0,0,0,0,96,76561198049602148,Moon
0,0,0,0,0,0,0,96,76561199068251294,prosto bo$$
0,0,0,0,0,0,0,96,76561198171814417,Faat
0,0,0,0,0,0,0,96,76561199052717313,Worfy
0,0,0,0,0,0,0,97,76561199256543526,Wybaczam.oficjalnie skins.army
0,0,0,0,0,0,0,97,76561199826895670,RME | Пацан
0,0,0,0,0,0,0,97,76561198002613044,frees.tyler
0,0,0,0,0,0,0,97,76561198274174345,zig
0,0,0,0,0,0,0,97,76561199433997570,Simple Dimple skins.army
0,0,0,0,0,0,0,97,76561199557907229,shawty#)$@
0,0,0,0,0,0,0,97,76561198049602148,Moon
0,0,0,0,0,0,0,97,76561199068251294,prosto bo$$
0,0,0,0,0,0,0,97,76561198171814417,Faat
0,0,0,0,0,0,0,97,76561199052717313,Worfy
0,0,0,0,0,0,0,98,76561199256543526,Wybaczam.oficjalnie skins.army
0,0,0,0,0,0,0,98,76561199826895670,RME | Пацан
0,0,0,0,0,0,0,98,76561198002613044,frees.tyler
0,0,0,0,0,0,0,98,76561198274174345,zig
0,0,0,0,0,0,0,98,76561199433997570,Simple Dimple skins.army
0,0,0,0,0,0,0,98,76561199557907229,shawty#)$@
0,0,0,0,0,0,0,98,76561198049602148,Moon
0,0,0,0,0,0,0,98,76561199068251294,prosto bo$$
0,0,0,0,0,0,0,98,76561198171814417,Faat
0,0,0,0,0,0,0,98,76561199052717313,Worfy
0,0,0,0,0,0,0,99,76561199256543526,Wybaczam.oficjalnie skins.army
0,0,0,0,0,0,0,99,76561199826895670,RME | Пацан
0,0,0,0,0,0,0,99,76561198002613044,frees.tyler
0,0,0,0,0,0,0,99,76561198274174345,zig
0,0,0,0,0,0,0,99,76561199433997570,Simple Dimple skins.army
0,0,0,0,0,0,0,99,76561199557907229,shawty#)$@
0,0,0,0,0,0,0,99,76561198049602148,Moon
0,0,0,0,0,0,0,99,76561199068251294,prosto bo$$
0,0,0,0,0,0,0,99,76561198171814417,Faat
0,0,0,0,0,0,0,99,76561199052717313,Worfy
0,0,0,0,0,0,0,100,76561199256543526,Wybaczam.oficjalnie skins.army
0,0,0,0,0,0,0,100,76561199826895670,RME | Пацан
0,0,0,0,0,0,0,100,76561198002613044,frees.tyler
0,0,0,0,0,0,0,100,76561198274174345,zig
0,0,0,0,0,0,0,100,76561199433997570,Simple Dimple skins.army
0,0,0,0,0,0,0,100,76561199557907229,shawty#)$@
0,0,0,0,0,0,0,100,76561198049602148,Moon
0,0,0,0,0,0,0,100,76561199068251294,prosto bo$$
0,0,0,0,0,0,0,100,76561198171814417,Faat
0,0,0,0,0,0,0,100,76561199052717313,Worfy
0,0,0,0,0,0,0,101,76561199256543526,Wybaczam.oficjalnie skins.army
0,0,0,0,0,0,0,101,76561199826895670,RME | Пацан
0,0,0,0,0,0,0,101,76561198002613044,frees.tyler
0,0,0,0,0,0,0,101,76561198274174345,zig
0,0,0,0,0,0,0,101,76561199433997570,Simple Dimple skins.army
0,0,0,0,0,0,0,101,76561199557907229,shawty#)$@
0,0,0,0,0,0,0,101,76561198049602148,Moon
0,0,0,0,0,0,0,101,76561199068251294,prosto bo$$
0,0,0,0,0,0,0,101,76561198171814417,Faat
0,0,0,0,0,0,0,101,76561199052717313,Worfy
