armor,health,move_type,duck_amount,duck_speed,flash_duration,flash_max_alpha,is_airborne,tick,steamid,name
0,100.0,2.0,0.0,8.0,0.0,0.0,False,1,76561199256543526,Wybaczam.oficjalnie skins.army
0,100.0,2.0,0.0,8.0,0.0,0.0,False,1,76561199826895670,RME | Пацан
0,100.0,2.0,0.0,8.0,0.0,0.0,False,1,76561198002613044,frees.tyler
100,24.0,2.0,0.0,8.0,0.0,0.0,False,1,76561198274174345,zig
0,100.0,2.0,0.0,8.0,0.0,0.0,False,1,76561199433997570,Simple Dimple skins.army
0,0.0,0.0,0.0,8.0,0.0,0.0,False,1,76561199557907229,shawty#)$@
100,100.0,2.0,0.0,8.0,1.0039178,255.0,True,1,76561198049602148,Moon
0,78.0,2.0,0.0,8.0,0.0,0.0,False,1,76561199068251294,prosto bo$$
100,100.0,2.0,0.0,8.0,0.0,0.0,False,1,76561198171814417,Faat
0,100.0,2.0,0.0,8.0,0.0,0.0,False,1,76561199052717313,Worfy
0,100.0,2.0,0.0,8.0,0.0,0.0,False,2,76561199256543526,Wybaczam.oficjalnie skins.army
0,100.0,2.0,0.0,8.0,0.0,0.0,False,2,76561199826895670,RME | Пацан
0,100.0,2.0,0.0,8.0,0.0,0.0,False,2,76561198002613044,frees.tyler
100,24.0,2.0,0.0,8.0,0.0,0.0,False,2,76561198274174345,zig
0,100.0,2.0,0.0,8.0,0.0,0.0,False,2,76561199433997570,Simple Dimple skins.army
0,0.0,0.0,0.0,8.0,0.0,0.0,False,2,76561199557907229,shawty#)$@
100,100.0,2.0,0.0,8.0,1.0039178,255.0,True,2,76561198049602148,Moon
0,78.0,2.0,0.0,8.0,0.0,0.0,False,2,76561199068251294,prosto bo$$
100,100.0,2.0,0.0,8.0,0.0,0.0,False,2,76561198171814417,Faat
0,100.0,2.0,0.0,8.0,0.0,0.0,False,2,76561199052717313,Worfy
0,100.0,2.0,0.0,8.0,0.0,0.0,False,3,76561199256543526,Wybaczam.oficjalnie skins.army
0,100.0,2.0,0.0,8.0,0.0,0.0,False,3,76561199826895670,RME | Пацан
0,100.0,2.0,0.0,8.0,0.0,0.0,False,3,76561198002613044,frees.tyler
100,24.0,2.0,0.0,8.0,0.0,0.0,False,3,76561198274174345,zig
0,100.0,2.0,0.0,8.0,0.0,0.0,False,3,76561199433997570,Simple Dimple skins.army
0,0.0,0.0,0.0,8.0,0.0,0.0,False,3,76561199557907229,shawty#)$@
100,100.0,2.0,0.0,8.0,1.0039178,255.0,True,3,76561198049602148,Moon
0,78.0,2.0,0.0,8.0,0.0,0.0,False,3,76561199068251294,prosto bo$$
100,100.0,2.0,0.0,8.0,0.0,0.0,False,3,76561198171814417,Faat
0,100.0,2.0,0.0,8.0,0.0,0.0,False,3,76561199052717313,Worfy
0,100.0,2.0,0.0,8.0,0.0,0.0,False,4,76561199256543526,Wybaczam.oficjalnie skins.army
0,100.0,2.0,0.0,8.0,0.0,0.0,False,4,76561199826895670,RME | Пацан
0,100.0,2.0,0.0,8.0,0.0,0.0,False,4,76561198002613044,frees.tyler
100,24.0,2.0,0.0,8.0,0.0,0.0,False,4,76561198274174345,zig
0,100.0,2.0,0.0,8.0,0.0,0.0,False,4,76561199433997570,Simple Dimple skins.army
0,0.0,0.0,0.0,8.0,0.0,0.0,False,4,76561199557907229,shawty#)$@
100,100.0,2.0,0.0,8.0,1.0039178,255.0,True,4,76561198049602148,Moon
0,78.0,2.0,0.0,8.0,0.0,0.0,False,4,76561199068251294,prosto bo$$
100,100.0,2.0,0.0,8.0,0.0,0.0,False,4,76561198171814417,Faat
0,100.0,2.0,0.0,8.0,0.0,0.0,False,4,76561199052717313,Worfy
0,100.0,2.0,0.0,8.0,0.0,0.0,False,5,76561199256543526,Wybaczam.oficjalnie skins.army
0,100.0,2.0,0.0,8.0,0.0,0.0,False,5,76561199826895670,RME | Пацан
0,100.0,2.0,0.0,8.0,0.0,0.0,False,5,76561198002613044,frees.tyler
100,24.0,2.0,0.0,8.0,0.0,0.0,False,5,76561198274174345,zig
0,100.0,2.0,0.0,8.0,0.0,0.0,False,5,76561199433997570,Simple Dimple skins.army
0,0.0,0.0,0.0,8.0,0.0,0.0,False,5,76561199557907229,shawty#)$@
100,100.0,2.0,0.0,8.0,1.0039178,255.0,True,5,76561198049602148,Moon
0,78.0,2.0,0.0,8.0,0.0,0.0,False,5,76561199068251294,prosto bo$$
100,100.0,2.0,0.0,8.0,0.0,0.0,False,5,76561198171814417,Faat
0,100.0,2.0,0.0,8.0,0.0,0.0,False,5,76561199052717313,Worfy
0,100.0,2.0,0.0,8.0,0.0,0.0,False,6,76561199256543526,Wybaczam.oficjalnie skins.army
0,100.0,2.0,0.0,8.0,0.0,0.0,False,6,76561199826895670,RME | Пацан
0,100.0,2.0,0.0,8.0,0.0,0.0,False,6,76561198002613044,frees.tyler
100,24.0,2.0,0.0,8.0,0.0,0.0,False,6,76561198274174345,zig
0,100.0,2.0,0.0,8.0,0.0,0.0,False,6,76561199433997570,Simple Dimple skins.army
0,0.0,0.0,0.0,8.0,0.0,0.0,False,6,76561199557907229,shawty#)$@
100,100.0,2.0,0.0,8.0,1.0039178,255.0,True,6,76561198049602148,Moon
0,78.0,2.0,0.0,8.0,0.0,0.0,False,6,76561199068251294,prosto bo$$
100,100.0,2.0,0.0,8.0,0.0,0.0,False,6,76561198171814417,Faat
0,100.0,2.0,0.0,8.0,0.0,0.0,False,6,76561199052717313,Worfy
0,100.0,2.0,0.0,8.0,0.0,0.0,False,7,76561199256543526,Wybaczam.oficjalnie skins.army
0,100.0,2.0,0.0,8.0,0.0,0.0,False,7,76561199826895670,RME | Пацан
0,100.0,2.0,0.0,8.0,0.0,0.0,False,7,76561198002613044,frees.tyler
100,24.0,2.0,0.0,8.0,0.0,0.0,False,7,76561198274174345,zig
0,100.0,2.0,0.0,8.0,0.0,0.0,False,7,76561199433997570,Simple Dimple skins.army
0,0.0,0.0,0.0,8.0,0.0,0.0,False,7,76561199557907229,shawty#)$@
100,100.0,2.0,0.0,8.0,1.0039178,255.0,True,7,76561198049602148,Moon
0,78.0,2.0,0.0,8.0,0.0,0.0,False,7,76561199068251294,prosto bo$$
100,100.0,2.0,0.0,8.0,0.0,0.0,False,7,76561198171814417,Faat
0,100.0,2.0,0.0,8.0,0.0,0.0,False,7,76561199052717313,Worfy
0,100.0,2.0,0.0,8.0,0.0,0.0,False,8,76561199256543526,Wybaczam.oficjalnie skins.army
0,100.0,2.0,0.0,8.0,0.0,0.0,False,8,76561199826895670,RME | Пацан
0,100.0,2.0,0.0,8.0,0.0,0.0,False,8,76561198002613044,frees.tyler
100,24.0,2.0,0.0,8.0,0.0,0.0,False,8,76561198274174345,zig
0,100.0,2.0,0.0,8.0,0.0,0.0,False,8,76561199433997570,Simple Dimple skins.army
0,0.0,0.0,0.0,8.0,0.0,0.0,False,8,76561199557907229,shawty#)$@
100,100.0,2.0,0.0,8.0,1.0039178,255.0,True,8,76561198049602148,Moon
0,78.0,2.0,0.0,8.0,0.0,0.0,False,8,76561199068251294,prosto bo$$
100,100.0,2.0,0.0,8.0,0.0,0.0,False,8,76561198171814417,Faat
0,100.0,2.0,0.0,8.0,0.0,0.0,False,8,76561199052717313,Worfy
0,100.0,2.0,0.0,8.0,0.0,0.0,False,9,76561199256543526,Wybaczam.oficjalnie skins.army
0,100.0,2.0,0.0,8.0,0.0,0.0,False,9,76561199826895670,RME | Пацан
0,100.0,2.0,0.0,8.0,0.0,0.0,False,9,76561198002613044,frees.tyler
100,24.0,2.0,0.0,8.0,0.0,0.0,False,9,76561198274174345,zig
0,100.0,2.0,0.0,8.0,0.0,0.0,False,9,76561199433997570,Simple Dimple skins.army
0,0.0,0.0,0.0,8.0,0.0,0.0,False,9,76561199557907229,shawty#)$@
100,100.0,2.0,0.0,8.0,1.0039178,255.0,True,9,76561198049602148,Moon
0,78.0,2.0,0.0,8.0,0.0,0.0,False,9,76561199068251294,prosto bo$$
100,100.0,2.0,0.0,8.0,0.0,0.0,False,9,76561198171814417,Faat
0,100.0,2.0,0.0,8.0,0.0,0.0,False,9,76561199052717313,Worfy
0,100.0,2.0,0.0,8.0,0.0,0.0,False,10,76561199256543526,Wybaczam.oficjalnie skins.army
0,100.0,2.0,0.0,8.0,0.0,0.0,False,10,76561199826895670,RME | Пацан
0,100.0,2.0,0.0,8.0,0.0,0.0,False,10,76561198002613044,frees.tyler
100,24.0,2.0,0.0,8.0,0.0,0.0,False,10,76561198274174345,zig
0,100.0,2.0,0.0,8.0,0.0,0.0,False,10,76561199433997570,Simple Dimple skins.army
0,0.0,0.0,0.0,8.0,0.0,0.0,False,10,76561199557907229,shawty#)$@
100,100.0,2.0,0.0,8.0,1.0039178,255.0,True,10,76561198049602148,Moon
0,78.0,2.0,0.0,8.0,0.0,0.0,False,10,76561199068251294,prosto bo$$
100,100.0,2.0,0.0,8.0,0.0,0.0,False,10,76561198171814417,Faat
0,100.0,2.0,0.0,8.0,0.0,0.0,False,10,76561199052717313,Worfy
0,100.0,2.0,0.0,8.0,0.0,0.0,False,11,76561199256543526,Wybaczam.oficjalnie skins.army
0,100.0,2.0,0.0,8.0,0.0,0.0,False,11,76561199826895670,RME | Пацан
0,100.0,2.0,0.0,8.0,0.0,0.0,False,11,76561198002613044,frees.tyler
100,24.0,2.0,0.0,8.0,0.0,0.0,False,11,76561198274174345,zig
0,100.0,2.0,0.0,8.0,0.0,0.0,False,11,76561199433997570,Simple Dimple skins.army
0,0.0,0.0,0.0,8.0,0.0,0.0,False,11,76561199557907229,shawty#)$@
100,100.0,2.0,0.0,8.0,1.0039178,255.0,True,11,76561198049602148,Moon
0,78.0,2.0,0.0,8.0,0.0,0.0,False,11,76561199068251294,prosto bo$$
100,100.0,2.0,0.0,8.0,0.0,0.0,False,11,76561198171814417,Faat
0,100.0,2.0,0.0,8.0,0.0,0.0,False,11,76561199052717313,Worfy
0,100.0,2.0,0.0,8.0,0.0,0.0,False,12,76561199256543526,Wybaczam.oficjalnie skins.army
0,100.0,2.0,0.0,8.0,0.0,0.0,False,12,76561199826895670,RME | Пацан
0,100.0,2.0,0.0,8.0,0.0,0.0,False,12,76561198002613044,frees.tyler
100,24.0,2.0,0.0,8.0,0.0,0.0,False,12,76561198274174345,zig
0,100.0,2.0,0.0,8.0,0.0,0.0,False,12,76561199433997570,Simple Dimple skins.army
0,0.0,0.0,0.0,8.0,0.0,0.0,False,12,76561199557907229,shawty#)$@
100,100.0,2.0,0.0,8.0,1.0039178,255.0,True,12,76561198049602148,Moon
0,78.0,2.0,0.0,8.0,0.0,0.0,False,12,76561199068251294,prosto bo$$
100,100.0,2.0,0.0,8.0,0.0,0.0,False,12,76561198171814417,Faat
0,100.0,2.0,0.0,8.0,0.0,0.0,False,12,76561199052717313,Worfy
0,100.0,2.0,0.0,8.0,0.0,0.0,False,13,76561199256543526,Wybaczam.oficjalnie skins.army
0,100.0,2.0,0.0,8.0,0.0,0.0,False,13,76561199826895670,RME | Пацан
0,100.0,2.0,0.0,8.0,0.0,0.0,False,13,76561198002613044,frees.tyler
100,24.0,2.0,0.0,8.0,0.0,0.0,False,13,76561198274174345,zig
0,100.0,2.0,0.0,8.0,0.0,0.0,False,13,76561199433997570,Simple Dimple skins.army
0,0.0,0.0,0.0,8.0,0.0,0.0,False,13,76561199557907229,shawty#)$@
100,100.0,2.0,0.0,8.0,1.0039178,255.0,True,13,76561198049602148,Moon
0,78.0,2.0,0.0,8.0,0.0,0.0,False,13,76561199068251294,prosto bo$$
100,100.0,2.0,0.0,8.0,0.0,0.0,False,13,76561198171814417,Faat
0,100.0,2.0,0.0,8.0,0.0,0.0,False,13,76561199052717313,Worfy
0,100.0,2.0,0.0,8.0,0.0,0.0,False,14,76561199256543526,Wybaczam.oficjalnie skins.army
0,100.0,2.0,0.0,8.0,0.0,0.0,False,14,76561199826895670,RME | Пацан
0,100.0,2.0,0.0,8.0,0.0,0.0,False,14,76561198002613044,frees.tyler
100,24.0,2.0,0.0,8.0,0.0,0.0,False,14,76561198274174345,zig
0,100.0,2.0,0.0,8.0,0.0,0.0,False,14,76561199433997570,Simple Dimple skins.army
0,0.0,0.0,0.0,8.0,0.0,0.0,False,14,76561199557907229,shawty#)$@
100,100.0,2.0,0.0,8.0,1.0039178,255.0,True,14,76561198049602148,Moon
0,78.0,2.0,0.0,8.0,0.0,0.0,False,14,76561199068251294,prosto bo$$
100,100.0,2.0,0.0,8.0,0.0,0.0,False,14,76561198171814417,Faat
0,100.0,2.0,0.0,8.0,0.0,0.0,False,14,76561199052717313,Worfy
0,100.0,2.0,0.0,8.0,0.0,0.0,False,15,76561199256543526,Wybaczam.oficjalnie skins.army
0,100.0,2.0,0.0,8.0,0.0,0.0,False,15,76561199826895670,RME | Пацан
0,100.0,2.0,0.0,8.0,0.0,0.0,False,15,76561198002613044,frees.tyler
100,24.0,2.0,0.0,8.0,0.0,0.0,False,15,76561198274174345,zig
0,100.0,2.0,0.0,8.0,0.0,0.0,False,15,76561199433997570,Simple Dimple skins.army
0,0.0,0.0,0.0,8.0,0.0,0.0,False,15,76561199557907229,shawty#)$@
100,100.0,2.0,0.0,8.0,1.0039178,255.0,False,15,76561198049602148,Moon
0,78.0,2.0,0.0,8.0,0.0,0.0,False,15,76561199068251294,prosto bo$$
100,100.0,2.0,0.0,8.0,0.0,0.0,False,15,76561198171814417,Faat
0,100.0,2.0,0.0,8.0,0.0,0.0,False,15,76561199052717313,Worfy
0,100.0,2.0,0.0,8.0,0.0,0.0,False,16,76561199256543526,Wybaczam.oficjalnie skins.army
0,100.0,2.0,0.0,8.0,0.0,0.0,False,16,76561199826895670,RME | Пацан
0,100.0,2.0,0.0,8.0,0.0,0.0,False,16,76561198002613044,frees.tyler
100,24.0,2.0,0.0,8.0,0.0,0.0,False,16,76561198274174345,zig
0,100.0,2.0,0.0,8.0,0.0,0.0,False,16,76561199433997570,Simple Dimple skins.army
0,0.0,0.0,0.0,8.0,0.0,0.0,False,16,76561199557907229,shawty#)$@
100,100.0,2.0,0.0,8.0,1.0039178,255.0,False,16,76561198049602148,Moon
0,78.0,2.0,0.0,8.0,0.0,0.0,False,16,76561199068251294,prosto bo$$
100,100.0,2.0,0.0,8.0,0.0,0.0,False,16,76561198171814417,Faat
0,100.0,2.0,0.0,8.0,0.0,0.0,False,16,76561199052717313,Worfy
0,100.0,2.0,0.0,8.0,0.0,0.0,False,17,76561199256543526,Wybaczam.oficjalnie skins.army
0,100.0,2.0,0.0,8.0,0.0,0.0,False,17,76561199826895670,RME | Пацан
0,100.0,2.0,0.0,8.0,0.0,0.0,False,17,76561198002613044,frees.tyler
100,24.0,2.0,0.0,8.0,0.0,0.0,False,17,76561198274174345,zig
0,100.0,2.0,0.0,8.0,0.0,0.0,False,17,76561199433997570,Simple Dimple skins.army
0,0.0,0.0,0.0,8.0,0.0,0.0,False,17,76561199557907229,shawty#)$@
100,100.0,2.0,0.0,8.0,1.0039178,255.0,False,17,76561198049602148,Moon
0,78.0,2.0,0.0,8.0,0.0,0.0,False,17,76561199068251294,prosto bo$$
100,100.0,2.0,0.0,8.0,0.0,0.0,False,17,76561198171814417,Faat
0,100.0,2.0,0.0,8.0,0.0,0.0,False,17,76561199052717313,Worfy
0,100.0,2.0,0.0,8.0,0.0,0.0,False,18,76561199256543526,Wybaczam.oficjalnie skins.army
0,100.0,2.0,0.0,8.0,0.0,0.0,False,18,76561199826895670,RME | Пацан
0,100.0,2.0,0.0,8.0,0.0,0.0,False,18,76561198002613044,frees.tyler
100,24.0,2.0,0.0,8.0,0.0,0.0,False,18,76561198274174345,zig
0,100.0,2.0,0.0,8.0,0.0,0.0,False,18,76561199433997570,Simple Dimple skins.army
0,0.0,0.0,0.0,8.0,0.0,0.0,False,18,76561199557907229,shawty#)$@
100,100.0,2.0,0.0,8.0,1.0039178,255.0,False,18,76561198049602148,Moon
0,78.0,2.0,0.0,8.0,0.0,0.0,False,18,76561199068251294,prosto bo$$
100,100.0,2.0,0.0,8.0,0.0,0.0,False,18,76561198171814417,Faat
0,100.0,2.0,0.0,8.0,0.0,0.0,False,18,76561199052717313,Worfy
0,100.0,2.0,0.0,8.0,0.0,0.0,False,19,76561199256543526,Wybaczam.oficjalnie skins.army
0,100.0,2.0,0.0,8.0,0.0,0.0,False,19,76561199826895670,RME | Пацан
0,100.0,2.0,0.0,8.0,0.0,0.0,False,19,76561198002613044,frees.tyler
100,24.0,2.0,0.0,8.0,0.0,0.0,False,19,76561198274174345,zig
0,100.0,2.0,0.0,8.0,0.0,0.0,False,19,76561199433997570,Simple Dimple skins.army
0,0.0,0.0,0.0,8.0,0.0,0.0,False,19,76561199557907229,shawty#)$@
100,100.0,2.0,0.0,8.0,1.0039178,255.0,False,19,76561198049602148,Moon
0,78.0,2.0,0.0,8.0,0.0,0.0,False,19,76561199068251294,prosto bo$$
100,100.0,2.0,0.0,8.0,0.0,0.0,False,19,76561198171814417,Faat
0,100.0,2.0,0.0,8.0,0.0,0.0,False,19,76561199052717313,Worfy
0,100.0,2.0,0.0,8.0,0.0,0.0,False,20,76561199256543526,Wybaczam.oficjalnie skins.army
0,100.0,2.0,0.0,8.0,0.0,0.0,False,20,76561199826895670,RME | Пацан
0,100.0,2.0,0.0,8.0,0.0,0.0,False,20,76561198002613044,frees.tyler
100,24.0,2.0,0.0,8.0,0.0,0.0,False,20,76561198274174345,zig
0,100.0,2.0,0.0,8.0,0.0,0.0,False,20,76561199433997570,Simple Dimple skins.army
0,0.0,0.0,0.0,8.0,0.0,0.0,False,20,76561199557907229,shawty#)$@
100,100.0,2.0,0.0,8.0,1.0039178,255.0,False,20,76561198049602148,Moon
0,78.0,2.0,0.0,8.0,0.0,0.0,False,20,76561199068251294,prosto bo$$
100,100.0,2.0,0.0,8.0,0.0,0.0,False,20,76561198171814417,Faat
0,100.0,2.0,0.0,8.0,0.0,0.0,False,20,76561199052717313,Worfy
0,100.0,2.0,0.0,8.0,0.0,0.0,False,21,76561199256543526,Wybaczam.oficjalnie skins.army
0,100.0,2.0,0.0,8.0,0.0,0.0,False,21,76561199826895670,RME | Пацан
0,100.0,2.0,0.0,8.0,0.0,0.0,False,21,76561198002613044,frees.tyler
100,24.0,2.0,0.0,8.0,0.0,0.0,False,21,76561198274174345,zig
0,100.0,2.0,0.0,8.0,0.0,0.0,False,21,76561199433997570,Simple Dimple skins.army
0,0.0,0.0,0.0,8.0,0.0,0.0,False,21,76561199557907229,shawty#)$@
100,100.0,2.0,0.0,8.0,1.0039178,255.0,False,21,76561198049602148,Moon
0,78.0,2.0,0.0,8.0,0.0,0.0,False,21,76561199068251294,prosto bo$$
100,100.0,2.0,0.0,8.0,0.0,0.0,False,21,76561198171814417,Faat
0,100.0,2.0,0.0,8.0,0.0,0.0,False,21,76561199052717313,Worfy
0,100.0,2.0,0.0,8.0,0.0,0.0,False,22,76561199256543526,Wybaczam.oficjalnie skins.army
0,100.0,2.0,0.0,8.0,0.0,0.0,False,22,76561199826895670,RME | Пацан
0,100.0,2.0,0.0,8.0,0.0,0.0,False,22,76561198002613044,frees.tyler
100,24.0,2.0,0.0,8.0,0.0,0.0,False,22,76561198274174345,zig
0,100.0,2.0,0.0,8.0,0.0,0.0,False,22,76561199433997570,Simple Dimple skins.army
0,0.0,0.0,0.0,8.0,0.0,0.0,False,22,76561199557907229,shawty#)$@
100,100.0,2.0,0.0,8.0,1.0039178,255.0,False,22,76561198049602148,Moon
0,78.0,2.0,0.0,8.0,0.0,0.0,False,22,76561199068251294,prosto bo$$
100,100.0,2.0,0.0,8.0,0.0,0.0,False,22,76561198171814417,Faat
0,100.0,2.0,0.0,8.0,0.0,0.0,False,22,76561199052717313,Worfy
0,100.0,2.0,0.0,8.0,0.0,0.0,False,23,76561199256543526,Wybaczam.oficjalnie skins.army
0,100.0,2.0,0.0,8.0,0.0,0.0,False,23,76561199826895670,RME | Пацан
0,100.0,2.0,0.0,8.0,0.0,0.0,False,23,76561198002613044,frees.tyler
100,24.0,2.0,0.0,8.0,0.0,0.0,False,23,76561198274174345,zig
0,100.0,2.0,0.0,8.0,0.0,0.0,False,23,76561199433997570,Simple Dimple skins.army
0,0.0,0.0,0.0,8.0,0.0,0.0,False,23,76561199557907229,shawty#)$@
100,100.0,2.0,0.0,8.0,1.0039178,255.0,False,23,76561198049602148,Moon
0,78.0,2.0,0.0,8.0,0.0,0.0,False,23,76561199068251294,prosto bo$$
100,100.0,2.0,0.0,8.0,0.0,0.0,False,23,76561198171814417,Faat
0,100.0,2.0,0.0,8.0,0.0,0.0,False,23,76561199052717313,Worfy
0,100.0,2.0,0.0,8.0,0.0,0.0,False,24,76561199256543526,Wybaczam.oficjalnie skins.army
0,100.0,2.0,0.0,8.0,0.0,0.0,False,24,76561199826895670,RME | Пацан
0,100.0,2.0,0.0,8.0,0.0,0.0,False,24,76561198002613044,frees.tyler
100,24.0,2.0,0.0,8.0,0.0,0.0,False,24,76561198274174345,zig
0,100.0,2.0,0.0,8.0,0.0,0.0,False,24,76561199433997570,Simple Dimple skins.army
0,0.0,0.0,0.0,8.0,0.0,0.0,False,24,76561199557907229,shawty#)$@
100,100.0,2.0,0.0,8.0,1.0039178,255.0,False,24,76561198049602148,Moon
0,78.0,2.0,0.0,8.0,0.0,0.0,False,24,76561199068251294,prosto bo$$
100,100.0,2.0,0.0,8.0,0.0,0.0,False,24,76561198171814417,Faat
0,100.0,2.0,0.0,8.0,0.0,0.0,False,24,76561199052717313,Worfy
0,100.0,2.0,0.0,8.0,0.0,0.0,False,25,76561199256543526,Wybaczam.oficjalnie skins.army
0,100.0,2.0,0.0,8.0,0.0,0.0,False,25,76561199826895670,RME | Пацан
0,100.0,2.0,0.0,8.0,0.0,0.0,False,25,76561198002613044,frees.tyler
100,24.0,2.0,0.0,8.0,0.0,0.0,False,25,76561198274174345,zig
0,100.0,2.0,0.0,8.0,0.0,0.0,False,25,76561199433997570,Simple Dimple skins.army
0,0.0,0.0,0.0,8.0,0.0,0.0,False,25,76561199557907229,shawty#)$@
100,100.0,2.0,0.0,8.0,1.0039178,255.0,False,25,76561198049602148,Moon
0,78.0,2.0,0.0,8.0,0.0,0.0,False,25,76561199068251294,prosto bo$$
100,100.0,2.0,0.0,8.0,0.0,0.0,False,25,76561198171814417,Faat
0,100.0,2.0,0.0,8.0,0.0,0.0,False,25,76561199052717313,Worfy
0,100.0,2.0,0.0,8.0,0.0,0.0,False,26,76561199256543526,Wybaczam.oficjalnie skins.army
0,100.0,2.0,0.0,8.0,0.0,0.0,False,26,76561199826895670,RME | Пацан
0,100.0,2.0,0.0,8.0,0.0,0.0,False,26,76561198002613044,frees.tyler
100,24.0,2.0,0.0,8.0,0.0,0.0,False,26,76561198274174345,zig
0,100.0,2.0,0.0,8.0,0.0,0.0,False,26,76561199433997570,Simple Dimple skins.army
0,0.0,0.0,0.0,8.0,0.0,0.0,False,26,76561199557907229,shawty#)$@
100,100.0,2.0,0.0,8.0,1.0039178,255.0,False,26,76561198049602148,Moon
0,78.0,2.0,0.0,8.0,0.0,0.0,False,26,76561199068251294,prosto bo$$
100,100.0,2.0,0.0,8.0,0.0,0.0,False,26,76561198171814417,Faat
0,100.0,2.0,0.0,8.0,0.0,0.0,False,26,76561199052717313,Worfy
0,100.0,2.0,0.0,8.0,0.0,0.0,False,27,76561199256543526,Wybaczam.oficjalnie skins.army
0,100.0,2.0,0.0,8.0,0.0,0.0,False,27,76561199826895670,RME | Пацан
0,100.0,2.0,0.0,8.0,0.0,0.0,False,27,76561198002613044,frees.tyler
100,24.0,2.0,0.0,8.0,0.0,0.0,False,27,76561198274174345,zig
0,100.0,2.0,0.0,8.0,0.0,0.0,False,27,76561199433997570,Simple Dimple skins.army
0,0.0,0.0,0.0,8.0,0.0,0.0,False,27,76561199557907229,shawty#)$@
100,100.0,2.0,0.0,8.0,1.0039178,255.0,False,27,76561198049602148,Moon
0,78.0,2.0,0.0,8.0,0.0,0.0,False,27,76561199068251294,prosto bo$$
100,100.0,2.0,0.0,8.0,0.0,0.0,False,27,76561198171814417,Faat
0,100.0,2.0,0.0,8.0,0.0,0.0,False,27,76561199052717313,Worfy
0,100.0,2.0,0.0,8.0,0.0,0.0,False,28,76561199256543526,Wybaczam.oficjalnie skins.army
0,100.0,2.0,0.0,8.0,0.0,0.0,False,28,76561199826895670,RME | Пацан
0,100.0,2.0,0.0,8.0,0.0,0.0,False,28,76561198002613044,frees.tyler
100,24.0,2.0,0.0,8.0,0.0,0.0,False,28,76561198274174345,zig
0,100.0,2.0,0.0,8.0,0.0,0.0,False,28,76561199433997570,Simple Dimple skins.army
0,0.0,0.0,0.0,8.0,0.0,0.0,False,28,76561199557907229,shawty#)$@
100,100.0,2.0,0.0,8.0,1.0039178,255.0,False,28,76561198049602148,Moon
0,78.0,2.0,0.0,8.0,0.0,0.0,False,28,76561199068251294,prosto bo$$
100,100.0,2.0,0.0,8.0,0.0,0.0,False,28,76561198171814417,Faat
0,100.0,2.0,0.0,8.0,0.0,0.0,False,28,76561199052717313,Worfy
0,100.0,2.0,0.0,8.0,0.0,0.0,False,29,76561199256543526,Wybaczam.oficjalnie skins.army
0,100.0,2.0,0.0,8.0,0.0,0.0,False,29,76561199826895670,RME | Пацан
0,100.0,2.0,0.0,8.0,0.0,0.0,False,29,76561198002613044,frees.tyler
100,24.0,2.0,0.0,8.0,0.0,0.0,False,29,76561198274174345,zig
0,100.0,2.0,0.0,8.0,0.0,0.0,False,29,76561199433997570,Simple Dimple skins.army
0,0.0,0.0,0.0,8.0,0.0,0.0,False,29,76561199557907229,shawty#)$@
100,100.0,2.0,0.0,8.0,1.0039178,255.0,False,29,76561198049602148,Moon
0,78.0,2.0,0.0,8.0,0.0,0.0,False,29,76561199068251294,prosto bo$$
100,100.0,2.0,0.0,8.0,0.0,0.0,False,29,76561198171814417,Faat
0,100.0,2.0,0.0,8.0,0.0,0.0,False,29,76561199052717313,Worfy
0,100.0,2.0,0.0,8.0,0.0,0.0,False,30,76561199256543526,Wybaczam.oficjalnie skins.army
0,100.0,2.0,0.0,8.0,0.0,0.0,False,30,76561199826895670,RME | Пацан
0,100.0,2.0,0.0,8.0,0.0,0.0,False,30,76561198002613044,frees.tyler
100,24.0,2.0,0.0,8.0,0.0,0.0,False,30,76561198274174345,zig
0,100.0,2.0,0.0,8.0,0.0,0.0,False,30,76561199433997570,Simple Dimple skins.army
0,0.0,0.0,0.0,8.0,0.0,0.0,False,30,76561199557907229,shawty#)$@
100,100.0,2.0,0.0,8.0,1.0039178,255.0,False,30,76561198049602148,Moon
0,78.0,2.0,0.0,8.0,0.0,0.0,False,30,76561199068251294,prosto bo$$
100,100.0,2.0,0.0,8.0,0.0,0.0,False,30,76561198171814417,Faat
0,100.0,2.0,0.0,8.0,0.0,0.0,False,30,76561199052717313,Worfy
0,100.0,2.0,0.0,8.0,0.0,0.0,False,31,76561199256543526,Wybaczam.oficjalnie skins.army
0,100.0,2.0,0.0,8.0,0.0,0.0,False,31,76561199826895670,RME | Пацан
0,100.0,2.0,0.0,8.0,0.0,0.0,False,31,76561198002613044,frees.tyler
100,24.0,2.0,0.0,8.0,0.0,0.0,False,31,76561198274174345,zig
0,100.0,2.0,0.0,8.0,0.0,0.0,False,31,76561199433997570,Simple Dimple skins.army
0,0.0,0.0,0.0,8.0,0.0,0.0,False,31,76561199557907229,shawty#)$@
100,100.0,2.0,0.0,8.0,1.0039178,255.0,False,31,76561198049602148,Moon
0,78.0,2.0,0.0,8.0,0.0,0.0,False,31,76561199068251294,prosto bo$$
100,100.0,2.0,0.0,8.0,0.0,0.0,False,31,76561198171814417,Faat
0,100.0,2.0,0.0,8.0,0.0,0.0,False,31,76561199052717313,Worfy
0,100.0,2.0,0.0,8.0,0.0,0.0,False,32,76561199256543526,Wybaczam.oficjalnie skins.army
0,100.0,2.0,0.0,8.0,0.0,0.0,False,32,76561199826895670,RME | Пацан
0,100.0,2.0,0.0,8.0,0.0,0.0,False,32,76561198002613044,frees.tyler
100,24.0,2.0,0.0,8.0,0.0,0.0,False,32,76561198274174345,zig
0,100.0,2.0,0.0,8.0,0.0,0.0,False,32,76561199433997570,Simple Dimple skins.army
0,0.0,0.0,0.0,8.0,0.0,0.0,False,32,76561199557907229,shawty#)$@
100,100.0,2.0,0.0,8.0,1.0039178,255.0,False,32,76561198049602148,Moon
0,78.0,2.0,0.0,8.0,0.0,0.0,False,32,76561199068251294,prosto bo$$
100,100.0,2.0,0.0,8.0,0.0,0.0,False,32,76561198171814417,Faat
0,100.0,2.0,0.0,8.0,0.0,0.0,False,32,76561199052717313,Worfy
0,100.0,2.0,0.0,8.0,0.0,0.0,False,33,76561199256543526,Wybaczam.oficjalnie skins.army
0,100.0,2.0,0.0,8.0,0.0,0.0,False,33,76561199826895670,RME | Пацан
0,100.0,2.0,0.0,8.0,0.0,0.0,False,33,76561198002613044,frees.tyler
100,24.0,2.0,0.0,8.0,0.0,0.0,False,33,76561198274174345,zig
0,100.0,2.0,0.0,8.0,0.0,0.0,False,33,76561199433997570,Simple Dimple skins.army
0,0.0,0.0,0.0,8.0,0.0,0.0,False,33,76561199557907229,shawty#)$@
100,100.0,2.0,0.0,8.0,1.0039178,255.0,False,33,76561198049602148,Moon
0,78.0,2.0,0.0,8.0,0.0,0.0,False,33,76561199068251294,prosto bo$$
100,100.0,2.0,0.0,8.0,0.0,0.0,False,33,76561198171814417,Faat
0,100.0,2.0,0.0,8.0,0.0,0.0,False,33,76561199052717313,Worfy
0,100.0,2.0,0.0,8.0,0.0,0.0,False,34,76561199256543526,Wybaczam.oficjalnie skins.army
0,100.0,2.0,0.0,8.0,0.0,0.0,False,34,76561199826895670,RME | Пацан
0,100.0,2.0,0.0,8.0,0.0,0.0,False,34,76561198002613044,frees.tyler
100,24.0,2.0,0.0,8.0,0.0,0.0,False,34,76561198274174345,zig
0,100.0,2.0,0.0,8.0,0.0,0.0,False,34,76561199433997570,Simple Dimple skins.army
0,0.0,0.0,0.0,8.0,0.0,0.0,False,34,76561199557907229,shawty#)$@
100,100.0,2.0,0.0,8.0,1.0039178,255.0,False,34,76561198049602148,Moon
0,78.0,2.0,0.0,8.0,0.0,0.0,False,34,76561199068251294,prosto bo$$
100,100.0,2.0,0.0,8.0,0.0,0.0,False,34,76561198171814417,Faat
0,100.0,2.0,0.0,8.0,0.0,0.0,False,34,76561199052717313,Worfy
0,100.0,2.0,0.0,8.0,0.0,0.0,False,35,76561199256543526,Wybaczam.oficjalnie skins.army
0,100.0,2.0,0.0,8.0,0.0,0.0,False,35,76561199826895670,RME | Пацан
0,100.0,2.0,0.0,8.0,0.0,0.0,False,35,76561198002613044,frees.tyler
100,24.0,2.0,0.0,8.0,0.0,0.0,False,35,76561198274174345,zig
0,100.0,2.0,0.0,8.0,0.0,0.0,False,35,76561199433997570,Simple Dimple skins.army
0,0.0,0.0,0.0,8.0,0.0,0.0,False,35,76561199557907229,shawty#)$@
100,100.0,2.0,0.0,8.0,1.0039178,255.0,False,35,76561198049602148,Moon
0,78.0,2.0,0.0,8.0,0.0,0.0,False,35,76561199068251294,prosto bo$$
100,100.0,2.0,0.0,8.0,0.0,0.0,False,35,76561198171814417,Faat
0,100.0,2.0,0.0,8.0,0.0,0.0,False,35,76561199052717313,Worfy
0,100.0,2.0,0.0,8.0,0.0,0.0,False,36,76561199256543526,Wybaczam.oficjalnie skins.army
0,100.0,2.0,0.0,8.0,0.0,0.0,False,36,76561199826895670,RME | Пацан
0,100.0,2.0,0.0,8.0,0.0,0.0,False,36,76561198002613044,frees.tyler
100,24.0,2.0,0.0,8.0,0.0,0.0,False,36,76561198274174345,zig
0,100.0,2.0,0.0,8.0,0.0,0.0,False,36,76561199433997570,Simple Dimple skins.army
0,0.0,0.0,0.0,8.0,0.0,0.0,False,36,76561199557907229,shawty#)$@
100,100.0,2.0,0.0,8.0,1.0039178,255.0,False,36,76561198049602148,Moon
0,78.0,2.0,0.0,8.0,0.0,0.0,False,36,76561199068251294,prosto bo$$
100,100.0,2.0,0.0,8.0,0.0,0.0,False,36,76561198171814417,Faat
0,100.0,2.0,0.0,8.0,0.0,0.0,False,36,76561199052717313,Worfy
0,100.0,2.0,0.0,8.0,0.0,0.0,False,37,76561199256543526,Wybaczam.oficjalnie skins.army
0,100.0,2.0,0.0,8.0,0.0,0.0,False,37,76561199826895670,RME | Пацан
0,100.0,2.0,0.0,8.0,0.0,0.0,False,37,76561198002613044,frees.tyler
100,24.0,2.0,0.0,8.0,0.0,0.0,False,37,76561198274174345,zig
0,100.0,2.0,0.0,8.0,0.0,0.0,False,37,76561199433997570,Simple Dimple skins.army
0,0.0,0.0,0.0,8.0,0.0,0.0,False,37,76561199557907229,shawty#)$@
100,100.0,2.0,0.0,8.0,1.0039178,255.0,False,37,76561198049602148,Moon
0,78.0,2.0,0.0,8.0,0.0,0.0,False,37,76561199068251294,prosto bo$$
100,100.0,2.0,0.0,8.0,0.0,0.0,False,37,76561198171814417,Faat
0,100.0,2.0,0.0,8.0,0.0,0.0,False,37,76561199052717313,Worfy
0,100.0,2.0,0.0,8.0,0.0,0.0,False,38,76561199256543526,Wybaczam.oficjalnie skins.army
0,100.0,2.0,0.0,8.0,0.0,0.0,False,38,76561199826895670,RME | Пацан
0,100.0,2.0,0.0,8.0,0.0,0.0,False,38,76561198002613044,frees.tyler
100,24.0,2.0,0.0,8.0,0.0,0.0,False,38,76561198274174345,zig
0,100.0,2.0,0.0,8.0,0.0,0.0,False,38,76561199433997570,Simple Dimple skins.army
0,0.0,0.0,0.0,8.0,0.0,0.0,False,38,76561199557907229,shawty#)$@
100,100.0,2.0,0.0,8.0,1.0039178,255.0,False,38,76561198049602148,Moon
0,78.0,2.0,0.0,8.0,0.0,0.0,False,38,76561199068251294,prosto bo$$
100,100.0,2.0,0.0,8.0,0.0,0.0,False,38,76561198171814417,Faat
0,100.0,2.0,0.0,8.0,0.0,0.0,False,38,76561199052717313,Worfy
0,100.0,2.0,0.0,8.0,0.0,0.0,False,39,76561199256543526,Wybaczam.oficjalnie skins.army
0,100.0,2.0,0.0,8.0,0.0,0.0,False,39,76561199826895670,RME | Пацан
0,100.0,2.0,0.0,8.0,0.0,0.0,False,39,76561198002613044,frees.tyler
100,24.0,2.0,0.0,8.0,0.0,0.0,False,39,76561198274174345,zig
0,100.0,2.0,0.0,8.0,0.0,0.0,False,39,76561199433997570,Simple Dimple skins.army
0,0.0,0.0,0.0,8.0,0.0,0.0,False,39,76561199557907229,shawty#)$@
100,100.0,2.0,0.0,8.0,1.0039178,255.0,False,39,76561198049602148,Moon
0,78.0,2.0,0.0,8.0,0.0,0.0,False,39,76561199068251294,prosto bo$$
100,100.0,2.0,0.0,8.0,0.0,0.0,False,39,76561198171814417,Faat
0,100.0,2.0,0.0,8.0,0.0,0.0,False,39,76561199052717313,Worfy
0,100.0,2.0,0.0,8.0,0.0,0.0,False,40,76561199256543526,Wybaczam.oficjalnie skins.army
0,100.0,2.0,0.0,8.0,0.0,0.0,False,40,76561199826895670,RME | Пацан
0,100.0,2.0,0.0,8.0,0.0,0.0,False,40,76561198002613044,frees.tyler
100,24.0,2.0,0.0,8.0,0.0,0.0,False,40,76561198274174345,zig
0,100.0,2.0,0.0,8.0,0.0,0.0,False,40,76561199433997570,Simple Dimple skins.army
0,0.0,0.0,0.0,8.0,0.0,0.0,False,40,76561199557907229,shawty#)$@
100,100.0,2.0,0.0,8.0,1.0039178,255.0,False,40,76561198049602148,Moon
0,78.0,2.0,0.0,8.0,0.0,0.0,False,40,76561199068251294,prosto bo$$
100,100.0,2.0,0.0,8.0,0.0,0.0,False,40,76561198171814417,Faat
0,100.0,2.0,0.0,8.0,0.0,0.0,False,40,76561199052717313,Worfy
0,100.0,2.0,0.0,8.0,0.0,0.0,False,41,76561199256543526,Wybaczam.oficjalnie skins.army
0,100.0,2.0,0.0,8.0,0.0,0.0,False,41,76561199826895670,RME | Пацан
0,100.0,2.0,0.0,8.0,0.0,0.0,False,41,76561198002613044,frees.tyler
100,24.0,2.0,0.0,8.0,0.0,0.0,False,41,76561198274174345,zig
0,100.0,2.0,0.0,8.0,0.0,0.0,False,41,76561199433997570,Simple Dimple skins.army
0,0.0,0.0,0.0,8.0,0.0,0.0,False,41,76561199557907229,shawty#)$@
100,100.0,2.0,0.0,8.0,1.0039178,255.0,False,41,76561198049602148,Moon
0,78.0,2.0,0.0,8.0,0.0,0.0,False,41,76561199068251294,prosto bo$$
100,100.0,2.0,0.0,8.0,0.0,0.0,False,41,76561198171814417,Faat
0,100.0,2.0,0.0,8.0,0.0,0.0,False,41,76561199052717313,Worfy
0,100.0,2.0,0.0,8.0,0.0,0.0,False,42,76561199256543526,Wybaczam.oficjalnie skins.army
0,100.0,2.0,0.0,8.0,0.0,0.0,False,42,76561199826895670,RME | Пацан
0,100.0,2.0,0.0,8.0,0.0,0.0,False,42,76561198002613044,frees.tyler
100,24.0,2.0,0.0,8.0,0.0,0.0,False,42,76561198274174345,zig
0,100.0,2.0,0.0,8.0,0.0,0.0,False,42,76561199433997570,Simple Dimple skins.army
0,0.0,0.0,0.0,8.0,0.0,0.0,False,42,76561199557907229,shawty#)$@
100,100.0,2.0,0.0,8.0,1.0039178,255.0,False,42,76561198049602148,Moon
0,78.0,2.0,0.0,8.0,0.0,0.0,False,42,76561199068251294,prosto bo$$
100,100.0,2.0,0.0,8.0,0.0,0.0,False,42,76561198171814417,Faat
0,100.0,2.0,0.0,8.0,0.0,0.0,False,42,76561199052717313,Worfy
0,100.0,2.0,0.0,8.0,0.0,0.0,False,43,76561199256543526,Wybaczam.oficjalnie skins.army
0,100.0,2.0,0.0,8.0,0.0,0.0,False,43,76561199826895670,RME | Пацан
0,100.0,2.0,0.0,8.0,0.0,0.0,False,43,76561198002613044,frees.tyler
100,24.0,2.0,0.0,8.0,0.0,0.0,False,43,76561198274174345,zig
0,100.0,2.0,0.0,8.0,0.0,0.0,False,43,76561199433997570,Simple Dimple skins.army
0,0.0,0.0,0.0,8.0,0.0,0.0,False,43,76561199557907229,shawty#)$@
100,100.0,2.0,0.0,8.0,1.0039178,255.0,False,43,76561198049602148,Moon
0,78.0,2.0,0.0,8.0,0.0,0.0,False,43,76561199068251294,prosto bo$$
100,100.0,2.0,0.0,8.0,0.0,0.0,False,43,76561198171814417,Faat
0,100.0,2.0,0.0,8.0,0.0,0.0,False,43,76561199052717313,Worfy
0,100.0,2.0,0.0,8.0,0.0,0.0,False,44,76561199256543526,Wybaczam.oficjalnie skins.army
0,100.0,2.0,0.0,8.0,0.0,0.0,False,44,76561199826895670,RME | Пацан
0,100.0,2.0,0.0,8.0,0.0,0.0,False,44,76561198002613044,frees.tyler
100,24.0,2.0,0.0,8.0,0.0,0.0,False,44,76561198274174345,zig
0,100.0,2.0,0.0,8.0,0.0,0.0,False,44,76561199433997570,Simple Dimple skins.army
0,0.0,0.0,0.0,8.0,0.0,0.0,False,44,76561199557907229,shawty#)$@
100,100.0,2.0,0.0,8.0,1.0039178,255.0,False,44,76561198049602148,Moon
0,78.0,2.0,0.0,8.0,0.0,0.0,False,44,76561199068251294,prosto bo$$
100,100.0,2.0,0.0,8.0,0.0,0.0,False,44,76561198171814417,Faat
0,100.0,2.0,0.0,8.0,0.0,0.0,False,44,76561199052717313,Worfy
0,100.0,2.0,0.0,8.0,0.0,0.0,False,45,76561199256543526,Wybaczam.oficjalnie skins.army
0,100.0,2.0,0.0,8.0,0.0,0.0,False,45,76561199826895670,RME | Пацан
0,100.0,2.0,0.0,8.0,0.0,0.0,False,45,76561198002613044,frees.tyler
100,24.0,2.0,0.0,8.0,0.0,0.0,False,45,76561198274174345,zig
0,100.0,2.0,0.0,8.0,0.0,0.0,False,45,76561199433997570,Simple Dimple skins.army
0,0.0,0.0,0.0,8.0,0.0,0.0,False,45,76561199557907229,shawty#)$@
100,100.0,2.0,0.0,8.0,1.0039178,255.0,False,45,76561198049602148,Moon
0,78.0,2.0,0.0,8.0,0.0,0.0,False,45,76561199068251294,prosto bo$$
100,100.0,2.0,0.0,8.0,0.0,0.0,False,45,76561198171814417,Faat
0,100.0,2.0,0.0,8.0,0.0,0.0,False,45,76561199052717313,Worfy
0,100.0,2.0,0.0,8.0,0.0,0.0,False,46,76561199256543526,Wybaczam.oficjalnie skins.army
0,100.0,2.0,0.0,8.0,0.0,0.0,False,46,76561199826895670,RME | Пацан
0,100.0,2.0,0.0,8.0,0.0,0.0,False,46,76561198002613044,frees.tyler
100,24.0,2.0,0.0,8.0,0.0,0.0,False,46,76561198274174345,zig
0,100.0,2.0,0.0,8.0,0.0,0.0,False,46,76561199433997570,Simple Dimple skins.army
0,0.0,0.0,0.0,8.0,0.0,0.0,False,46,76561199557907229,shawty#)$@
100,100.0,2.0,0.0,8.0,1.0039178,255.0,False,46,76561198049602148,Moon
0,78.0,2.0,0.0,8.0,0.0,0.0,False,46,76561199068251294,prosto bo$$
100,100.0,2.0,0.0,8.0,0.0,0.0,False,46,76561198171814417,Faat
0,100.0,2.0,0.0,8.0,0.0,0.0,False,46,76561199052717313,Worfy
0,100.0,2.0,0.0,8.0,0.0,0.0,False,47,76561199256543526,Wybaczam.oficjalnie skins.army
0,100.0,2.0,0.0,8.0,0.0,0.0,False,47,76561199826895670,RME | Пацан
0,100.0,2.0,0.0,8.0,0.0,0.0,False,47,76561198002613044,frees.tyler
100,24.0,2.0,0.0,8.0,0.0,0.0,False,47,76561198274174345,zig
0,100.0,2.0,0.0,8.0,0.0,0.0,False,47,76561199433997570,Simple Dimple skins.army
0,0.0,0.0,0.0,8.0,0.0,0.0,False,47,76561199557907229,shawty#)$@
100,100.0,2.0,0.0,8.0,1.0039178,255.0,False,47,76561198049602148,Moon
0,78.0,2.0,0.0,8.0,0.0,0.0,False,47,76561199068251294,prosto bo$$
100,100.0,2.0,0.0,8.0,0.0,0.0,False,47,76561198171814417,Faat
0,100.0,2.0,0.0,8.0,0.0,0.0,False,47,76561199052717313,Worfy
0,100.0,2.0,0.0,8.0,0.0,0.0,False,48,76561199256543526,Wybaczam.oficjalnie skins.army
0,100.0,2.0,0.0,8.0,0.0,0.0,False,48,76561199826895670,RME | Пацан
0,100.0,2.0,0.0,8.0,0.0,0.0,False,48,76561198002613044,frees.tyler
100,24.0,2.0,0.0,8.0,0.0,0.0,False,48,76561198274174345,zig
0,100.0,2.0,0.0,8.0,0.0,0.0,False,48,76561199433997570,Simple Dimple skins.army
0,0.0,0.0,0.0,8.0,0.0,0.0,False,48,76561199557907229,shawty#)$@
100,100.0,2.0,0.0,8.0,1.0039178,255.0,False,48,76561198049602148,Moon
0,78.0,2.0,0.0,8.0,0.0,0.0,False,48,76561199068251294,prosto bo$$
100,100.0,2.0,0.0,8.0,0.0,0.0,False,48,76561198171814417,Faat
0,100.0,2.0,0.0,8.0,0.0,0.0,False,48,76561199052717313,Worfy
0,100.0,2.0,0.0,8.0,0.0,0.0,False,49,76561199256543526,Wybaczam.oficjalnie skins.army
0,100.0,2.0,0.0,8.0,0.0,0.0,False,49,76561199826895670,RME | Пацан
0,100.0,2.0,0.0,8.0,0.0,0.0,False,49,76561198002613044,frees.tyler
100,24.0,2.0,0.0,8.0,0.0,0.0,False,49,76561198274174345,zig
0,100.0,2.0,0.0,8.0,0.0,0.0,False,49,76561199433997570,Simple Dimple skins.army
0,0.0,0.0,0.0,8.0,0.0,0.0,False,49,76561199557907229,shawty#)$@
100,100.0,2.0,0.0,8.0,1.0039178,255.0,False,49,76561198049602148,Moon
0,78.0,2.0,0.0,8.0,0.0,0.0,False,49,76561199068251294,prosto bo$$
100,100.0,2.0,0.0,8.0,0.0,0.0,False,49,76561198171814417,Faat
0,100.0,2.0,0.0,8.0,0.0,0.0,False,49,76561199052717313,Worfy
0,100.0,2.0,0.0,8.0,0.0,0.0,False,50,76561199256543526,Wybaczam.oficjalnie skins.army
0,100.0,2.0,0.0,8.0,0.0,0.0,False,50,76561199826895670,RME | Пацан
0,100.0,2.0,0.0,8.0,0.0,0.0,False,50,76561198002613044,frees.tyler
100,24.0,2.0,0.0,8.0,0.0,0.0,False,50,76561198274174345,zig
0,100.0,2.0,0.0,8.0,0.0,0.0,False,50,76561199433997570,Simple Dimple skins.army
0,0.0,0.0,0.0,8.0,0.0,0.0,False,50,76561199557907229,shawty#)$@
100,100.0,2.0,0.0,8.0,1.0039178,255.0,False,50,76561198049602148,Moon
0,78.0,2.0,0.0,8.0,0.0,0.0,False,50,76561199068251294,prosto bo$$
100,100.0,2.0,0.0,8.0,0.0,0.0,False,50,76561198171814417,Faat
0,100.0,2.0,0.0,8.0,0.0,0.0,False,50,76561199052717313,Worfy
0,100.0,2.0,0.0,8.0,0.0,0.0,False,51,76561199256543526,Wybaczam.oficjalnie skins.army
0,100.0,2.0,0.0,8.0,0.0,0.0,False,51,76561199826895670,RME | Пацан
0,100.0,2.0,0.0,8.0,0.0,0.0,False,51,76561198002613044,frees.tyler
100,24.0,2.0,0.0,8.0,0.0,0.0,False,51,76561198274174345,zig
0,100.0,2.0,0.0,8.0,0.0,0.0,False,51,76561199433997570,Simple Dimple skins.army
0,0.0,0.0,0.0,8.0,0.0,0.0,False,51,76561199557907229,shawty#)$@
100,100.0,2.0,0.0,8.0,1.0039178,255.0,False,51,76561198049602148,Moon
0,78.0,2.0,0.0,8.0,0.0,0.0,False,51,76561199068251294,prosto bo$$
100,100.0,2.0,0.0,8.0,0.0,0.0,False,51,76561198171814417,Faat
0,100.0,2.0,0.0,8.0,0.0,0.0,False,51,76561199052717313,Worfy
0,100.0,2.0,0.0,8.0,0.0,0.0,False,52,76561199256543526,Wybaczam.oficjalnie skins.army
0,100.0,2.0,0.0,8.0,0.0,0.0,False,52,76561199826895670,RME | Пацан
0,100.0,2.0,0.0,8.0,0.0,0.0,False,52,76561198002613044,frees.tyler
100,24.0,2.0,0.0,8.0,0.0,0.0,False,52,76561198274174345,zig
0,100.0,2.0,0.0,8.0,0.0,0.0,False,52,76561199433997570,Simple Dimple skins.army
0,0.0,0.0,0.0,8.0,0.0,0.0,False,52,76561199557907229,shawty#)$@
100,100.0,2.0,0.0,8.0,1.0039178,255.0,False,52,76561198049602148,Moon
0,78.0,2.0,0.0,8.0,0.0,0.0,False,52,76561199068251294,prosto bo$$
100,100.0,2.0,0.0,8.0,0.0,0.0,False,52,76561198171814417,Faat
0,100.0,2.0,0.0,8.0,0.0,0.0,False,52,76561199052717313,Worfy
0,100.0,2.0,0.0,8.0,0.0,0.0,False,53,76561199256543526,Wybaczam.oficjalnie skins.army
0,100.0,2.0,0.0,8.0,0.0,0.0,False,53,76561199826895670,RME | Пацан
0,100.0,2.0,0.0,8.0,0.0,0.0,False,53,76561198002613044,frees.tyler
100,24.0,2.0,0.0,8.0,0.0,0.0,False,53,76561198274174345,zig
0,100.0,2.0,0.0,8.0,0.0,0.0,False,53,76561199433997570,Simple Dimple skins.army
0,0.0,0.0,0.0,8.0,0.0,0.0,False,53,76561199557907229,shawty#)$@
100,100.0,2.0,0.0,8.0,1.0039178,255.0,False,53,76561198049602148,Moon
0,78.0,2.0,0.0,8.0,0.0,0.0,False,53,76561199068251294,prosto bo$$
100,100.0,2.0,0.0,8.0,0.0,0.0,False,53,76561198171814417,Faat
0,100.0,2.0,0.0,8.0,0.0,0.0,False,53,76561199052717313,Worfy
0,100.0,2.0,0.0,8.0,0.0,0.0,False,54,76561199256543526,Wybaczam.oficjalnie skins.army
0,100.0,2.0,0.0,8.0,0.0,0.0,False,54,76561199826895670,RME | Пацан
0,100.0,2.0,0.0,8.0,0.0,0.0,False,54,76561198002613044,frees.tyler
100,24.0,2.0,0.0,8.0,0.0,0.0,False,54,76561198274174345,zig
0,100.0,2.0,0.0,8.0,0.0,0.0,False,54,76561199433997570,Simple Dimple skins.army
0,0.0,0.0,0.0,8.0,0.0,0.0,False,54,76561199557907229,shawty#)$@
100,100.0,2.0,0.0,8.0,1.0039178,255.0,False,54,76561198049602148,Moon
0,78.0,2.0,0.0,8.0,0.0,0.0,False,54,76561199068251294,prosto bo$$
100,100.0,2.0,0.0,8.0,0.0,0.0,False,54,76561198171814417,Faat
0,100.0,2.0,0.0,8.0,0.0,0.0,False,54,76561199052717313,Worfy
0,100.0,2.0,0.0,8.0,0.0,0.0,False,55,76561199256543526,Wybaczam.oficjalnie skins.army
0,100.0,2.0,0.0,8.0,0.0,0.0,False,55,76561199826895670,RME | Пацан
0,100.0,2.0,0.0,8.0,0.0,0.0,False,55,76561198002613044,frees.tyler
100,24.0,2.0,0.0,8.0,0.0,0.0,False,55,76561198274174345,zig
0,100.0,2.0,0.0,8.0,0.0,0.0,False,55,76561199433997570,Simple Dimple skins.army
0,0.0,0.0,0.0,8.0,0.0,0.0,False,55,76561199557907229,shawty#)$@
100,100.0,2.0,0.0,8.0,1.0039178,255.0,False,55,76561198049602148,Moon
0,78.0,2.0,0.0,8.0,0.0,0.0,False,55,76561199068251294,prosto bo$$
100,100.0,2.0,0.0,8.0,0.0,0.0,False,55,76561198171814417,Faat
0,100.0,2.0,0.0,8.0,0.0,0.0,False,55,76561199052717313,Worfy
0,100.0,2.0,0.0,8.0,0.0,0.0,False,56,76561199256543526,Wybaczam.oficjalnie skins.army
0,100.0,2.0,0.0,8.0,0.0,0.0,False,56,76561199826895670,RME | Пацан
0,100.0,2.0,0.0,8.0,0.0,0.0,False,56,76561198002613044,frees.tyler
100,24.0,2.0,0.0,8.0,0.0,0.0,False,56,76561198274174345,zig
0,100.0,2.0,0.0,8.0,0.0,0.0,False,56,76561199433997570,Simple Dimple skins.army
0,0.0,0.0,0.0,8.0,0.0,0.0,False,56,76561199557907229,shawty#)$@
100,100.0,2.0,0.0,8.0,1.0039178,255.0,False,56,76561198049602148,Moon
0,78.0,2.0,0.0,8.0,0.0,0.0,False,56,76561199068251294,prosto bo$$
100,100.0,2.0,0.0,8.0,0.0,0.0,False,56,76561198171814417,Faat
0,100.0,2.0,0.0,8.0,0.0,0.0,False,56,76561199052717313,Worfy
0,100.0,2.0,0.0,8.0,0.0,0.0,False,57,76561199256543526,Wybaczam.oficjalnie skins.army
0,100.0,2.0,0.0,8.0,0.0,0.0,False,57,76561199826895670,RME | Пацан
0,100.0,2.0,0.0,8.0,0.0,0.0,False,57,76561198002613044,frees.tyler
100,24.0,2.0,0.0,8.0,0.0,0.0,False,57,76561198274174345,zig
0,100.0,2.0,0.0,8.0,0.0,0.0,False,57,76561199433997570,Simple Dimple skins.army
0,0.0,0.0,0.0,8.0,0.0,0.0,False,57,76561199557907229,shawty#)$@
100,100.0,2.0,0.0,8.0,1.0039178,255.0,False,57,76561198049602148,Moon
0,78.0,2.0,0.0,8.0,0.0,0.0,False,57,76561199068251294,prosto bo$$
100,100.0,2.0,0.0,8.0,0.0,0.0,False,57,76561198171814417,Faat
0,100.0,2.0,0.0,8.0,0.0,0.0,False,57,76561199052717313,Worfy
0,100.0,2.0,0.0,8.0,0.0,0.0,False,58,76561199256543526,Wybaczam.oficjalnie skins.army
0,100.0,2.0,0.0,8.0,0.0,0.0,False,58,76561199826895670,RME | Пацан
0,100.0,2.0,0.0,8.0,0.0,0.0,False,58,76561198002613044,frees.tyler
100,24.0,2.0,0.0,8.0,0.0,0.0,False,58,76561198274174345,zig
0,100.0,2.0,0.0,8.0,0.0,0.0,False,58,76561199433997570,Simple Dimple skins.army
0,0.0,0.0,0.0,8.0,0.0,0.0,False,58,76561199557907229,shawty#)$@
100,100.0,2.0,0.0,8.0,1.0039178,255.0,False,58,76561198049602148,Moon
0,78.0,2.0,0.0,8.0,0.0,0.0,False,58,76561199068251294,prosto bo$$
100,100.0,2.0,0.0,8.0,0.0,0.0,False,58,76561198171814417,Faat
0,100.0,2.0,0.0,8.0,0.0,0.0,False,58,76561199052717313,Worfy
0,100.0,2.0,0.0,8.0,0.0,0.0,False,59,76561199256543526,Wybaczam.oficjalnie skins.army
0,100.0,2.0,0.0,8.0,0.0,0.0,False,59,76561199826895670,RME | Пацан
0,100.0,2.0,0.0,8.0,0.0,0.0,False,59,76561198002613044,frees.tyler
100,24.0,2.0,0.0,8.0,0.0,0.0,False,59,76561198274174345,zig
0,100.0,2.0,0.0,8.0,0.0,0.0,False,59,76561199433997570,Simple Dimple skins.army
0,0.0,0.0,0.0,8.0,0.0,0.0,False,59,76561199557907229,shawty#)$@
100,100.0,2.0,0.0,8.0,0.0,255.0,False,59,76561198049602148,Moon
0,78.0,2.0,0.0,8.0,0.0,0.0,False,59,76561199068251294,prosto bo$$
100,100.0,2.0,0.0,8.0,0.0,0.0,False,59,76561198171814417,Faat
0,100.0,2.0,0.0,8.0,0.0,0.0,False,59,76561199052717313,Worfy
0,100.0,2.0,0.0,8.0,0.0,0.0,False,60,76561199256543526,Wybaczam.oficjalnie skins.army
0,100.0,2.0,0.0,8.0,0.0,0.0,False,60,76561199826895670,RME | Пацан
0,100.0,2.0,0.0,8.0,0.0,0.0,False,60,76561198002613044,frees.tyler
100,24.0,2.0,0.0,8.0,0.0,0.0,False,60,76561198274174345,zig
0,100.0,2.0,0.0,8.0,0.0,0.0,False,60,76561199433997570,Simple Dimple skins.army
0,0.0,0.0,0.0,8.0,0.0,0.0,False,60,76561199557907229,shawty#)$@
100,100.0,2.0,0.0,8.0,0.0,255.0,False,60,76561198049602148,Moon
0,78.0,2.0,0.0,8.0,0.0,0.0,False,60,76561199068251294,prosto bo$$
100,100.0,2.0,0.0,8.0,0.0,0.0,False,60,76561198171814417,Faat
0,100.0,2.0,0.0,8.0,0.0,0.0,False,60,76561199052717313,Worfy
0,100.0,2.0,0.0,8.0,0.0,0.0,False,61,76561199256543526,Wybaczam.oficjalnie skins.army
0,100.0,2.0,0.0,8.0,0.0,0.0,False,61,76561199826895670,RME | Пацан
0,100.0,2.0,0.0,8.0,0.0,0.0,False,61,76561198002613044,frees.tyler
100,24.0,2.0,0.0,8.0,0.0,0.0,False,61,76561198274174345,zig
0,100.0,2.0,0.0,8.0,0.0,0.0,False,61,76561199433997570,Simple Dimple skins.army
0,0.0,0.0,0.0,8.0,0.0,0.0,False,61,76561199557907229,shawty#)$@
100,100.0,2.0,0.0,8.0,0.0,255.0,False,61,76561198049602148,Moon
0,78.0,2.0,0.0,8.0,0.0,0.0,False,61,76561199068251294,prosto bo$$
100,100.0,2.0,0.0,8.0,0.0,0.0,False,61,76561198171814417,Faat
0,100.0,2.0,0.0,8.0,0.0,0.0,False,61,76561199052717313,Worfy
0,100.0,2.0,0.0,8.0,0.0,0.0,False,62,76561199256543526,Wybaczam.oficjalnie skins.army
0,100.0,2.0,0.0,8.0,0.0,0.0,False,62,76561199826895670,RME | Пацан
0,100.0,2.0,0.0,8.0,0.0,0.0,False,62,76561198002613044,frees.tyler
100,24.0,2.0,0.0,8.0,0.0,0.0,False,62,76561198274174345,zig
0,100.0,2.0,0.0,8.0,0.0,0.0,False,62,76561199433997570,Simple Dimple skins.army
0,0.0,0.0,0.0,8.0,0.0,0.0,False,62,76561199557907229,shawty#)$@
100,100.0,2.0,0.0,8.0,0.0,255.0,False,62,76561198049602148,Moon
0,78.0,2.0,0.0,8.0,0.0,0.0,False,62,76561199068251294,prosto bo$$
100,100.0,2.0,0.0,8.0,0.0,0.0,False,62,76561198171814417,Faat
0,100.0,2.0,0.0,8.0,0.0,0.0,False,62,76561199052717313,Worfy
0,100.0,2.0,0.0,8.0,0.0,0.0,False,63,76561199256543526,Wybaczam.oficjalnie skins.army
0,100.0,2.0,0.0,8.0,0.0,0.0,False,63,76561199826895670,RME | Пацан
0,100.0,2.0,0.0,8.0,0.0,0.0,False,63,76561198002613044,frees.tyler
100,24.0,2.0,0.0,8.0,0.0,0.0,False,63,76561198274174345,zig
0,100.0,2.0,0.0,8.0,0.0,0.0,False,63,76561199433997570,Simple Dimple skins.army
0,0.0,0.0,0.0,8.0,0.0,0.0,False,63,76561199557907229,shawty#)$@
100,100.0,2.0,0.0,8.0,0.0,255.0,False,63,76561198049602148,Moon
0,78.0,2.0,0.0,8.0,0.0,0.0,False,63,76561199068251294,prosto bo$$
100,100.0,2.0,0.0,8.0,0.0,0.0,False,63,76561198171814417,Faat
0,100.0,2.0,0.0,8.0,0.0,0.0,False,63,76561199052717313,Worfy
0,100.0,2.0,0.0,8.0,0.0,0.0,False,64,76561199256543526,Wybaczam.oficjalnie skins.army
0,100.0,2.0,0.0,8.0,0.0,0.0,False,64,76561199826895670,RME | Пацан
0,100.0,2.0,0.0,8.0,0.0,0.0,False,64,76561198002613044,frees.tyler
100,24.0,2.0,0.0,8.0,0.0,0.0,False,64,76561198274174345,zig
0,100.0,2.0,0.0,8.0,0.0,0.0,False,64,76561199433997570,Simple Dimple skins.army
0,0.0,0.0,0.0,8.0,0.0,0.0,False,64,76561199557907229,shawty#)$@
100,100.0,2.0,0.0,8.0,0.0,255.0,False,64,76561198049602148,Moon
0,78.0,2.0,0.0,8.0,0.0,0.0,False,64,76561199068251294,prosto bo$$
100,100.0,2.0,0.0,8.0,0.0,0.0,False,64,76561198171814417,Faat
0,100.0,2.0,0.0,8.0,0.0,0.0,False,64,76561199052717313,Worfy
0,100.0,2.0,0.0,8.0,0.0,0.0,False,65,76561199256543526,Wybaczam.oficjalnie skins.army
0,100.0,2.0,0.0,8.0,0.0,0.0,False,65,76561199826895670,RME | Пацан
0,100.0,2.0,0.0,8.0,0.0,0.0,False,65,76561198002613044,frees.tyler
0,100.0,2.0,0.0,8.0,0.0,0.0,False,65,76561198274174345,zig
0,100.0,2.0,0.0,8.0,0.0,0.0,False,65,76561199433997570,Simple Dimple skins.army
0,100.0,2.0,0.0,8.0,0.0,0.0,False,65,76561199557907229,shawty#)$@
0,100.0,2.0,0.0,8.0,0.0,255.0,False,65,76561198049602148,Moon
0,100.0,2.0,0.0,8.0,0.0,0.0,False,65,76561199068251294,prosto bo$$
0,100.0,2.0,0.0,8.0,0.0,0.0,False,65,76561198171814417,Faat
0,100.0,2.0,0.0,8.0,0.0,0.0,False,65,76561199052717313,Worfy
0,100.0,2.0,0.0,8.0,0.0,0.0,False,67,76561199256543526,Wybaczam.oficjalnie skins.army
0,100.0,2.0,0.0,8.0,0.0,0.0,False,67,76561199826895670,RME | Пацан
0,100.0,2.0,0.0,8.0,0.0,0.0,False,67,76561198002613044,frees.tyler
0,100.0,2.0,0.0,8.0,0.0,0.0,False,67,76561198274174345,zig
0,100.0,2.0,0.0,8.0,0.0,0.0,False,67,76561199433997570,Simple Dimple skins.army
0,100.0,2.0,0.0,8.0,0.0,0.0,False,67,76561199557907229,shawty#)$@
0,100.0,2.0,0.0,8.0,0.0,255.0,False,67,76561198049602148,Moon
0,100.0,2.0,0.0,8.0,0.0,0.0,False,67,76561199068251294,prosto bo$$
0,100.0,2.0,0.0,8.0,0.0,0.0,False,67,76561198171814417,Faat
0,100.0,2.0,0.0,8.0,0.0,0.0,False,67,76561199052717313,Worfy
0,100.0,2.0,0.0,8.0,0.0,0.0,False,68,76561199256543526,Wybaczam.oficjalnie skins.army
0,100.0,2.0,0.0,8.0,0.0,0.0,False,68,76561199826895670,RME | Пацан
0,100.0,2.0,0.0,8.0,0.0,0.0,False,68,76561198002613044,frees.tyler
0,100.0,2.0,0.0,8.0,0.0,0.0,False,68,76561198274174345,zig
0,100.0,2.0,0.0,8.0,0.0,0.0,False,68,76561199433997570,Simple Dimple skins.army
0,100.0,2.0,0.0,8.0,0.0,0.0,False,68,76561199557907229,shawty#)$@
0,100.0,2.0,0.0,8.0,0.0,255.0,False,68,76561198049602148,Moon
0,100.0,2.0,0.0,8.0,0.0,0.0,False,68,76561199068251294,prosto bo$$
0,100.0,2.0,0.0,8.0,0.0,0.0,False,68,76561198171814417,Faat
0,100.0,2.0,0.0,8.0,0.0,0.0,False,68,76561199052717313,Worfy
0,100.0,2.0,0.0,8.0,0.0,0.0,False,69,76561199256543526,Wybaczam.oficjalnie skins.army
0,100.0,2.0,0.0,8.0,0.0,0.0,False,69,76561199826895670,RME | Пацан
0,100.0,2.0,0.0,8.0,0.0,0.0,False,69,76561198002613044,frees.tyler
0,100.0,2.0,0.0,8.0,0.0,0.0,False,69,76561198274174345,zig
0,100.0,2.0,0.0,8.0,0.0,0.0,False,69,76561199433997570,Simple Dimple skins.army
0,100.0,2.0,0.0,8.0,0.0,0.0,False,69,76561199557907229,shawty#)$@
0,100.0,2.0,0.0,8.0,0.0,255.0,False,69,76561198049602148,Moon
0,100.0,2.0,0.0,8.0,0.0,0.0,False,69,76561199068251294,prosto bo$$
0,100.0,2.0,0.0,8.0,0.0,0.0,False,69,76561198171814417,Faat
0,100.0,2.0,0.0,8.0,0.0,0.0,False,69,76561199052717313,Worfy
0,100.0,2.0,0.0,8.0,0.0,0.0,False,70,76561199256543526,Wybaczam.oficjalnie skins.army
0,100.0,2.0,0.0,8.0,0.0,0.0,False,70,76561199826895670,RME | Пацан
0,100.0,2.0,0.0,8.0,0.0,0.0,False,70,76561198002613044,frees.tyler
0,100.0,2.0,0.0,8.0,0.0,0.0,False,70,76561198274174345,zig
0,100.0,2.0,0.0,8.0,0.0,0.0,False,70,76561199433997570,Simple Dimple skins.army
0,100.0,2.0,0.0,8.0,0.0,0.0,False,70,76561199557907229,shawty#)$@
0,100.0,2.0,0.0,8.0,0.0,255.0,False,70,76561198049602148,Moon
0,100.0,2.0,0.0,8.0,0.0,0.0,False,70,76561199068251294,prosto bo$$
0,100.0,2.0,0.0,8.0,0.0,0.0,False,70,76561198171814417,Faat
0,100.0,2.0,0.0,8.0,0.0,0.0,False,70,76561199052717313,Worfy
0,100.0,2.0,0.0,8.0,0.0,0.0,False,71,76561199256543526,Wybaczam.oficjalnie skins.army
0,100.0,2.0,0.0,8.0,0.0,0.0,False,71,76561199826895670,RME | Пацан
0,100.0,2.0,0.0,8.0,0.0,0.0,False,71,76561198002613044,frees.tyler
0,100.0,2.0,0.0,8.0,0.0,0.0,False,71,76561198274174345,zig
0,100.0,2.0,0.0,8.0,0.0,0.0,False,71,76561199433997570,Simple Dimple skins.army
0,100.0,2.0,0.0,8.0,0.0,0.0,False,71,76561199557907229,shawty#)$@
0,100.0,2.0,0.0,8.0,0.0,255.0,False,71,76561198049602148,Moon
0,100.0,2.0,0.0,8.0,0.0,0.0,False,71,76561199068251294,prosto bo$$
0,100.0,2.0,0.0,8.0,0.0,0.0,False,71,76561198171814417,Faat
0,100.0,2.0,0.0,8.0,0.0,0.0,False,71,76561199052717313,Worfy
0,100.0,2.0,0.0,8.0,0.0,0.0,False,72,76561199256543526,Wybaczam.oficjalnie skins.army
0,100.0,2.0,0.0,8.0,0.0,0.0,False,72,76561199826895670,RME | Пацан
0,100.0,2.0,0.0,8.0,0.0,0.0,False,72,76561198002613044,frees.tyler
0,100.0,2.0,0.0,8.0,0.0,0.0,False,72,76561198274174345,zig
0,100.0,2.0,0.0,8.0,0.0,0.0,False,72,76561199433997570,Simple Dimple skins.army
0,100.0,2.0,0.0,8.0,0.0,0.0,False,72,76561199557907229,shawty#)$@
0,100.0,2.0,0.0,8.0,0.0,255.0,False,72,76561198049602148,Moon
0,100.0,2.0,0.0,8.0,0.0,0.0,False,72,76561199068251294,prosto bo$$
0,100.0,2.0,0.0,8.0,0.0,0.0,False,72,76561198171814417,Faat
0,100.0,2.0,0.0,8.0,0.0,0.0,False,72,76561199052717313,Worfy
0,100.0,2.0,0.0,8.0,0.0,0.0,False,73,76561199256543526,Wybaczam.oficjalnie skins.army
0,100.0,2.0,0.0,8.0,0.0,0.0,False,73,76561199826895670,RME | Пацан
0,100.0,2.0,0.0,8.0,0.0,0.0,False,73,76561198002613044,frees.tyler
0,100.0,2.0,0.0,8.0,0.0,0.0,False,73,76561198274174345,zig
0,100.0,2.0,0.0,8.0,0.0,0.0,False,73,76561199433997570,Simple Dimple skins.army
0,100.0,2.0,0.0,8.0,0.0,0.0,False,73,76561199557907229,shawty#)$@
0,100.0,2.0,0.0,8.0,0.0,255.0,False,73,76561198049602148,Moon
0,100.0,2.0,0.0,8.0,0.0,0.0,False,73,76561199068251294,prosto bo$$
0,100.0,2.0,0.0,8.0,0.0,0.0,False,73,76561198171814417,Faat
0,100.0,2.0,0.0,8.0,0.0,0.0,False,73,76561199052717313,Worfy
0,100.0,2.0,0.0,8.0,0.0,0.0,False,74,76561199256543526,Wybaczam.oficjalnie skins.army
0,100.0,2.0,0.0,8.0,0.0,0.0,False,74,76561199826895670,RME | Пацан
0,100.0,2.0,0.0,8.0,0.0,0.0,False,74,76561198002613044,frees.tyler
0,100.0,2.0,0.0,8.0,0.0,0.0,False,74,76561198274174345,zig
0,100.0,2.0,0.0,8.0,0.0,0.0,False,74,76561199433997570,Simple Dimple skins.army
0,100.0,2.0,0.0,8.0,0.0,0.0,False,74,76561199557907229,shawty#)$@
0,100.0,2.0,0.0,8.0,0.0,255.0,False,74,76561198049602148,Moon
0,100.0,2.0,0.0,8.0,0.0,0.0,False,74,76561199068251294,prosto bo$$
0,100.0,2.0,0.0,8.0,0.0,0.0,False,74,76561198171814417,Faat
0,100.0,2.0,0.0,8.0,0.0,0.0,False,74,76561199052717313,Worfy
0,100.0,2.0,0.0,8.0,0.0,0.0,False,75,76561199256543526,Wybaczam.oficjalnie skins.army
0,100.0,2.0,0.0,8.0,0.0,0.0,False,75,76561199826895670,RME | Пацан
0,100.0,2.0,0.0,8.0,0.0,0.0,False,75,76561198002613044,frees.tyler
0,100.0,2.0,0.0,8.0,0.0,0.0,False,75,76561198274174345,zig
0,100.0,2.0,0.0,8.0,0.0,0.0,False,75,76561199433997570,Simple Dimple skins.army
0,100.0,2.0,0.0,8.0,0.0,0.0,False,75,76561199557907229,shawty#)$@
0,100.0,2.0,0.0,8.0,0.0,255.0,False,75,76561198049602148,Moon
0,100.0,2.0,0.0,8.0,0.0,0.0,False,75,76561199068251294,prosto bo$$
0,100.0,2.0,0.0,8.0,0.0,0.0,False,75,76561198171814417,Faat
0,100.0,2.0,0.0,8.0,0.0,0.0,False,75,76561199052717313,Worfy
0,100.0,2.0,0.0,8.0,0.0,0.0,False,76,76561199256543526,Wybaczam.oficjalnie skins.army
0,100.0,2.0,0.0,8.0,0.0,0.0,False,76,76561199826895670,RME | Пацан
0,100.0,2.0,0.0,8.0,0.0,0.0,False,76,76561198002613044,frees.tyler
0,100.0,2.0,0.0,8.0,0.0,0.0,False,76,76561198274174345,zig
0,100.0,2.0,0.0,8.0,0.0,0.0,False,76,76561199433997570,Simple Dimple skins.army
0,100.0,2.0,0.0,8.0,0.0,0.0,False,76,76561199557907229,shawty#)$@
0,100.0,2.0,0.0,8.0,0.0,255.0,False,76,76561198049602148,Moon
0,100.0,2.0,0.0,8.0,0.0,0.0,False,76,76561199068251294,prosto bo$$
0,100.0,2.0,0.0,8.0,0.0,0.0,False,76,76561198171814417,Faat
0,100.0,2.0,0.0,8.0,0.0,0.0,False,76,76561199052717313,Worfy
0,100.0,2.0,0.0,8.0,0.0,0.0,False,77,76561199256543526,Wybaczam.oficjalnie skins.army
0,100.0,2.0,0.0,8.0,0.0,0.0,False,77,76561199826895670,RME | Пацан
0,100.0,2.0,0.0,8.0,0.0,0.0,False,77,76561198002613044,frees.tyler
0,100.0,2.0,0.0,8.0,0.0,0.0,False,77,76561198274174345,zig
0,100.0,2.0,0.0,8.0,0.0,0.0,False,77,76561199433997570,Simple Dimple skins.army
0,100.0,2.0,0.0,8.0,0.0,0.0,False,77,76561199557907229,shawty#)$@
0,100.0,2.0,0.0,8.0,0.0,255.0,False,77,76561198049602148,Moon
0,100.0,2.0,0.0,8.0,0.0,0.0,False,77,76561199068251294,prosto bo$$
0,100.0,2.0,0.0,8.0,0.0,0.0,False,77,76561198171814417,Faat
0,100.0,2.0,0.0,8.0,0.0,0.0,False,77,76561199052717313,Worfy
0,100.0,2.0,0.0,8.0,0.0,0.0,False,78,76561199256543526,Wybaczam.oficjalnie skins.army
0,100.0,2.0,0.0,8.0,0.0,0.0,False,78,76561199826895670,RME | Пацан
0,100.0,2.0,0.0,8.0,0.0,0.0,False,78,76561198002613044,frees.tyler
0,100.0,2.0,0.0,8.0,0.0,0.0,False,78,76561198274174345,zig
0,100.0,2.0,0.0,8.0,0.0,0.0,False,78,76561199433997570,Simple Dimple skins.army
0,100.0,2.0,0.0,8.0,0.0,0.0,False,78,76561199557907229,shawty#)$@
0,100.0,2.0,0.0,8.0,0.0,255.0,False,78,76561198049602148,Moon
0,100.0,2.0,0.0,8.0,0.0,0.0,False,78,76561199068251294,prosto bo$$
0,100.0,2.0,0.0,8.0,0.0,0.0,False,78,76561198171814417,Faat
0,100.0,2.0,0.0,8.0,0.0,0.0,False,78,76561199052717313,Worfy
0,100.0,2.0,0.0,8.0,0.0,0.0,False,79,76561199256543526,Wybaczam.oficjalnie skins.army
0,100.0,2.0,0.0,8.0,0.0,0.0,False,79,76561199826895670,RME | Пацан
0,100.0,2.0,0.0,8.0,0.0,0.0,False,79,76561198002613044,frees.tyler
0,100.0,2.0,0.0,8.0,0.0,0.0,False,79,76561198274174345,zig
0,100.0,2.0,0.0,8.0,0.0,0.0,False,79,76561199433997570,Simple Dimple skins.army
0,100.0,2.0,0.0,8.0,0.0,0.0,False,79,76561199557907229,shawty#)$@
0,100.0,2.0,0.0,8.0,0.0,255.0,False,79,76561198049602148,Moon
0,100.0,2.0,0.0,8.0,0.0,0.0,False,79,76561199068251294,prosto bo$$
0,100.0,2.0,0.0,8.0,0.0,0.0,False,79,76561198171814417,Faat
0,100.0,2.0,0.0,8.0,0.0,0.0,False,79,76561199052717313,Worfy
0,100.0,2.0,0.0,8.0,0.0,0.0,False,80,76561199256543526,Wybaczam.oficjalnie skins.army
0,100.0,2.0,0.0,8.0,0.0,0.0,False,80,76561199826895670,RME | Пацан
0,100.0,2.0,0.0,8.0,0.0,0.0,False,80,76561198002613044,frees.tyler
0,100.0,2.0,0.0,8.0,0.0,0.0,False,80,76561198274174345,zig
0,100.0,2.0,0.0,8.0,0.0,0.0,False,80,76561199433997570,Simple Dimple skins.army
0,100.0,2.0,0.0,8.0,0.0,0.0,False,80,76561199557907229,shawty#)$@
0,100.0,2.0,0.0,8.0,0.0,255.0,False,80,76561198049602148,Moon
0,100.0,2.0,0.0,8.0,0.0,0.0,False,80,76561199068251294,prosto bo$$
0,100.0,2.0,0.0,8.0,0.0,0.0,False,80,76561198171814417,Faat
0,100.0,2.0,0.0,8.0,0.0,0.0,False,80,76561199052717313,Worfy
0,100.0,2.0,0.0,8.0,0.0,0.0,False,81,76561199256543526,Wybaczam.oficjalnie skins.army
0,100.0,2.0,0.0,8.0,0.0,0.0,False,81,76561199826895670,RME | Пацан
0,100.0,2.0,0.0,8.0,0.0,0.0,False,81,76561198002613044,frees.tyler
0,100.0,2.0,0.0,8.0,0.0,0.0,False,81,76561198274174345,zig
0,100.0,2.0,0.0,8.0,0.0,0.0,False,81,76561199433997570,Simple Dimple skins.army
0,100.0,2.0,0.0,8.0,0.0,0.0,False,81,76561199557907229,shawty#)$@
0,100.0,2.0,0.0,8.0,0.0,255.0,False,81,76561198049602148,Moon
0,100.0,2.0,0.0,8.0,0.0,0.0,False,81,76561199068251294,prosto bo$$
0,100.0,2.0,0.0,8.0,0.0,0.0,False,81,76561198171814417,Faat
0,100.0,2.0,0.0,8.0,0.0,0.0,False,81,76561199052717313,Worfy
0,100.0,2.0,0.0,8.0,0.0,0.0,False,82,76561199256543526,Wybaczam.oficjalnie skins.army
0,100.0,2.0,0.0,8.0,0.0,0.0,False,82,76561199826895670,RME | Пацан
0,100.0,2.0,0.0,8.0,0.0,0.0,False,82,76561198002613044,frees.tyler
0,100.0,2.0,0.0,8.0,0.0,0.0,False,82,76561198274174345,zig
0,100.0,2.0,0.0,8.0,0.0,0.0,False,82,76561199433997570,Simple Dimple skins.army
0,100.0,2.0,0.0,8.0,0.0,0.0,False,82,76561199557907229,shawty#)$@
0,100.0,2.0,0.0,8.0,0.0,255.0,False,82,76561198049602148,Moon
0,100.0,2.0,0.0,8.0,0.0,0.0,False,82,76561199068251294,prosto bo$$
0,100.0,2.0,0.0,8.0,0.0,0.0,False,82,76561198171814417,Faat
0,100.0,2.0,0.0,8.0,0.0,0.0,False,82,76561199052717313,Worfy
0,100.0,2.0,0.0,8.0,0.0,0.0,False,83,76561199256543526,Wybaczam.oficjalnie skins.army
0,100.0,2.0,0.0,8.0,0.0,0.0,False,83,76561199826895670,RME | Пацан
0,100.0,2.0,0.0,8.0,0.0,0.0,False,83,76561198002613044,frees.tyler
0,100.0,2.0,0.0,8.0,0.0,0.0,False,83,76561198274174345,zig
0,100.0,2.0,0.0,8.0,0.0,0.0,False,83,76561199433997570,Simple Dimple skins.army
0,100.0,2.0,0.0,8.0,0.0,0.0,False,83,76561199557907229,shawty#)$@
0,100.0,2.0,0.0,8.0,0.0,255.0,False,83,76561198049602148,Moon
0,100.0,2.0,0.0,8.0,0.0,0.0,False,83,76561199068251294,prosto bo$$
0,100.0,2.0,0.0,8.0,0.0,0.0,False,83,76561198171814417,Faat
0,100.0,2.0,0.0,8.0,0.0,0.0,False,83,76561199052717313,Worfy
0,100.0,2.0,0.0,8.0,0.0,0.0,False,84,76561199256543526,Wybaczam.oficjalnie skins.army
0,100.0,2.0,0.0,8.0,0.0,0.0,False,84,76561199826895670,RME | Пацан
0,100.0,2.0,0.0,8.0,0.0,0.0,False,84,76561198002613044,frees.tyler
0,100.0,2.0,0.0,8.0,0.0,0.0,False,84,76561198274174345,zig
0,100.0,2.0,0.0,8.0,0.0,0.0,False,84,76561199433997570,Simple Dimple skins.army
0,100.0,2.0,0.0,8.0,0.0,0.0,False,84,76561199557907229,shawty#)$@
0,100.0,2.0,0.0,8.0,0.0,255.0,False,84,76561198049602148,Moon
0,100.0,2.0,0.0,8.0,0.0,0.0,False,84,76561199068251294,prosto bo$$
0,100.0,2.0,0.0,8.0,0.0,0.0,False,84,76561198171814417,Faat
0,100.0,2.0,0.0,8.0,0.0,0.0,False,84,76561199052717313,Worfy
0,100.0,2.0,0.0,8.0,0.0,0.0,False,85,76561199256543526,Wybaczam.oficjalnie skins.army
0,100.0,2.0,0.0,8.0,0.0,0.0,False,85,76561199826895670,RME | Пацан
0,100.0,2.0,0.0,8.0,0.0,0.0,False,85,76561198002613044,frees.tyler
0,100.0,2.0,0.0,8.0,0.0,0.0,False,85,76561198274174345,zig
0,100.0,2.0,0.0,8.0,0.0,0.0,False,85,76561199433997570,Simple Dimple skins.army
0,100.0,2.0,0.0,8.0,0.0,0.0,False,85,76561199557907229,shawty#)$@
0,100.0,2.0,0.0,8.0,0.0,255.0,False,85,76561198049602148,Moon
0,100.0,2.0,0.0,8.0,0.0,0.0,False,85,76561199068251294,prosto bo$$
0,100.0,2.0,0.0,8.0,0.0,0.0,False,85,76561198171814417,Faat
0,100.0,2.0,0.0,8.0,0.0,0.0,False,85,76561199052717313,Worfy
0,100.0,2.0,0.0,8.0,0.0,0.0,False,86,76561199256543526,Wybaczam.oficjalnie skins.army
0,100.0,2.0,0.0,8.0,0.0,0.0,False,86,76561199826895670,RME | Пацан
0,100.0,2.0,0.0,8.0,0.0,0.0,False,86,76561198002613044,frees.tyler
0,100.0,2.0,0.0,8.0,0.0,0.0,False,86,76561198274174345,zig
0,100.0,2.0,0.0,8.0,0.0,0.0,False,86,76561199433997570,Simple Dimple skins.army
0,100.0,2.0,0.0,8.0,0.0,0.0,False,86,76561199557907229,shawty#)$@
0,100.0,2.0,0.0,8.0,0.0,255.0,False,86,76561198049602148,Moon
0,100.0,2.0,0.0,8.0,0.0,0.0,False,86,76561199068251294,prosto bo$$
0,100.0,2.0,0.0,8.0,0.0,0.0,False,86,76561198171814417,Faat
0,100.0,2.0,0.0,8.0,0.0,0.0,False,86,76561199052717313,Worfy
0,100.0,2.0,0.0,8.0,0.0,0.0,False,87,76561199256543526,Wybaczam.oficjalnie skins.army
0,100.0,2.0,0.0,8.0,0.0,0.0,False,87,76561199826895670,RME | Пацан
0,100.0,2.0,0.0,8.0,0.0,0.0,False,87,76561198002613044,frees.tyler
0,100.0,2.0,0.0,8.0,0.0,0.0,False,87,76561198274174345,zig
0,100.0,2.0,0.0,8.0,0.0,0.0,False,87,76561199433997570,Simple Dimple skins.army
0,100.0,2.0,0.0,8.0,0.0,0.0,False,87,76561199557907229,shawty#)$@
0,100.0,2.0,0.0,8.0,0.0,255.0,False,87,76561198049602148,Moon
0,100.0,2.0,0.0,8.0,0.0,0.0,False,87,76561199068251294,prosto bo$$
0,100.0,2.0,0.0,8.0,0.0,0.0,False,87,76561198171814417,Faat
0,100.0,2.0,0.0,8.0,0.0,0.0,False,87,76561199052717313,Worfy
0,100.0,2.0,0.0,8.0,0.0,0.0,False,88,76561199256543526,Wybaczam.oficjalnie skins.army
0,100.0,2.0,0.0,8.0,0.0,0.0,False,88,76561199826895670,RME | Пацан
0,100.0,2.0,0.0,8.0,0.0,0.0,False,88,76561198002613044,frees.tyler
0,100.0,2.0,0.0,8.0,0.0,0.0,False,88,76561198274174345,zig
0,100.0,2.0,0.0,8.0,0.0,0.0,False,88,76561199433997570,Simple Dimple skins.army
0,100.0,2.0,0.0,8.0,0.0,0.0,False,88,76561199557907229,shawty#)$@
0,100.0,2.0,0.0,8.0,0.0,255.0,False,88,76561198049602148,Moon
0,100.0,2.0,0.0,8.0,0.0,0.0,False,88,76561199068251294,prosto bo$$
0,100.0,2.0,0.0,8.0,0.0,0.0,False,88,76561198171814417,Faat
0,100.0,2.0,0.0,8.0,0.0,0.0,False,88,76561199052717313,Worfy
0,100.0,2.0,0.0,8.0,0.0,0.0,False,89,76561199256543526,Wybaczam.oficjalnie skins.army
0,100.0,2.0,0.0,8.0,0.0,0.0,False,89,76561199826895670,RME | Пацан
0,100.0,2.0,0.0,8.0,0.0,0.0,False,89,76561198002613044,frees.tyler
0,100.0,2.0,0.0,8.0,0.0,0.0,False,89,76561198274174345,zig
0,100.0,2.0,0.0,8.0,0.0,0.0,False,89,76561199433997570,Simple Dimple skins.army
0,100.0,2.0,0.0,8.0,0.0,0.0,False,89,76561199557907229,shawty#)$@
0,100.0,2.0,0.0,8.0,0.0,255.0,False,89,76561198049602148,Moon
0,100.0,2.0,0.0,8.0,0.0,0.0,False,89,76561199068251294,prosto bo$$
0,100.0,2.0,0.0,8.0,0.0,0.0,False,89,76561198171814417,Faat
0,100.0,2.0,0.0,8.0,0.0,0.0,False,89,76561199052717313,Worfy
0,100.0,2.0,0.0,8.0,0.0,0.0,False,90,76561199256543526,Wybaczam.oficjalnie skins.army
0,100.0,2.0,0.0,8.0,0.0,0.0,False,90,76561199826895670,RME | Пацан
0,100.0,2.0,0.0,8.0,0.0,0.0,False,90,76561198002613044,frees.tyler
0,100.0,2.0,0.0,8.0,0.0,0.0,False,90,76561198274174345,zig
0,100.0,2.0,0.0,8.0,0.0,0.0,False,90,76561199433997570,Simple Dimple skins.army
0,100.0,2.0,0.0,8.0,0.0,0.0,False,90,76561199557907229,shawty#)$@
0,100.0,2.0,0.0,8.0,0.0,255.0,False,90,76561198049602148,Moon
0,100.0,2.0,0.0,8.0,0.0,0.0,False,90,76561199068251294,prosto bo$$
0,100.0,2.0,0.0,8.0,0.0,0.0,False,90,76561198171814417,Faat
0,100.0,2.0,0.0,8.0,0.0,0.0,False,90,76561199052717313,Worfy
0,100.0,2.0,0.0,8.0,0.0,0.0,False,91,76561199256543526,Wybaczam.oficjalnie skins.army
0,100.0,2.0,0.0,8.0,0.0,0.0,False,91,76561199826895670,RME | Пацан
0,100.0,2.0,0.0,8.0,0.0,0.0,False,91,76561198002613044,frees.tyler
0,100.0,2.0,0.0,8.0,0.0,0.0,False,91,76561198274174345,zig
0,100.0,2.0,0.0,8.0,0.0,0.0,False,91,76561199433997570,Simple Dimple skins.army
0,100.0,2.0,0.0,8.0,0.0,0.0,False,91,76561199557907229,shawty#)$@
0,100.0,2.0,0.0,8.0,0.0,255.0,False,91,76561198049602148,Moon
0,100.0,2.0,0.0,8.0,0.0,0.0,False,91,76561199068251294,prosto bo$$
0,100.0,2.0,0.0,8.0,0.0,0.0,False,91,76561198171814417,Faat
0,100.0,2.0,0.0,8.0,0.0,0.0,False,91,76561199052717313,Worfy
0,100.0,2.0,0.0,8.0,0.0,0.0,False,92,76561199256543526,Wybaczam.oficjalnie skins.army
0,100.0,2.0,0.0,8.0,0.0,0.0,False,92,76561199826895670,RME | Пацан
0,100.0,2.0,0.0,8.0,0.0,0.0,False,92,76561198002613044,frees.tyler
0,100.0,2.0,0.0,8.0,0.0,0.0,False,92,76561198274174345,zig
0,100.0,2.0,0.0,8.0,0.0,0.0,False,92,76561199433997570,Simple Dimple skins.army
0,100.0,2.0,0.0,8.0,0.0,0.0,False,92,76561199557907229,shawty#)$@
0,100.0,2.0,0.0,8.0,0.0,255.0,False,92,76561198049602148,Moon
0,100.0,2.0,0.0,8.0,0.0,0.0,False,92,76561199068251294,prosto bo$$
0,100.0,2.0,0.0,8.0,0.0,0.0,False,92,76561198171814417,Faat
0,100.0,2.0,0.0,8.0,0.0,0.0,False,92,76561199052717313,Worfy
0,100.0,2.0,0.0,8.0,0.0,0.0,False,93,76561199256543526,Wybaczam.oficjalnie skins.army
0,100.0,2.0,0.0,8.0,0.0,0.0,False,93,76561199826895670,RME | Пацан
0,100.0,2.0,0.0,8.0,0.0,0.0,False,93,76561198002613044,frees.tyler
0,100.0,2.0,0.0,8.0,0.0,0.0,False,93,76561198274174345,zig
0,100.0,2.0,0.0,8.0,0.0,0.0,False,93,76561199433997570,Simple Dimple skins.army
0,100.0,2.0,0.0,8.0,0.0,0.0,False,93,76561199557907229,shawty#)$@
0,100.0,2.0,0.0,8.0,0.0,255.0,False,93,76561198049602148,Moon
0,100.0,2.0,0.0,8.0,0.0,0.0,False,93,76561199068251294,prosto bo$$
0,100.0,2.0,0.0,8.0,0.0,0.0,False,93,76561198171814417,Faat
0,100.0,2.0,0.0,8.0,0.0,0.0,False,93,76561199052717313,Worfy
0,100.0,2.0,0.0,8.0,0.0,0.0,False,94,76561199256543526,Wybaczam.oficjalnie skins.army
0,100.0,2.0,0.0,8.0,0.0,0.0,False,94,76561199826895670,RME | Пацан
0,100.0,2.0,0.0,8.0,0.0,0.0,False,94,76561198002613044,frees.tyler
0,100.0,2.0,0.0,8.0,0.0,0.0,False,94,76561198274174345,zig
0,100.0,2.0,0.0,8.0,0.0,0.0,False,94,76561199433997570,Simple Dimple skins.army
0,100.0,2.0,0.0,8.0,0.0,0.0,False,94,76561199557907229,shawty#)$@
0,100.0,2.0,0.0,8.0,0.0,255.0,False,94,76561198049602148,Moon
0,100.0,2.0,0.0,8.0,0.0,0.0,False,94,76561199068251294,prosto bo$$
0,100.0,2.0,0.0,8.0,0.0,0.0,False,94,76561198171814417,Faat
0,100.0,2.0,0.0,8.0,0.0,0.0,False,94,76561199052717313,Worfy
0,100.0,2.0,0.0,8.0,0.0,0.0,False,95,76561199256543526,Wybaczam.oficjalnie skins.army
0,100.0,2.0,0.0,8.0,0.0,0.0,False,95,76561199826895670,RME | Пацан
0,100.0,2.0,0.0,8.0,0.0,0.0,False,95,76561198002613044,frees.tyler
0,100.0,2.0,0.0,8.0,0.0,0.0,False,95,76561198274174345,zig
0,100.0,2.0,0.0,8.0,0.0,0.0,False,95,76561199433997570,Simple Dimple skins.army
0,100.0,2.0,0.0,8.0,0.0,0.0,False,95,76561199557907229,shawty#)$@
0,100.0,2.0,0.0,8.0,0.0,255.0,False,95,76561198049602148,Moon
0,100.0,2.0,0.0,8.0,0.0,0.0,False,95,76561199068251294,prosto bo$$
0,100.0,2.0,0.0,8.0,0.0,0.0,False,95,76561198171814417,Faat
0,100.0,2.0,0.0,8.0,0.0,0.0,False,95,76561199052717313,Worfy
0,100.0,2.0,0.0,8.0,0.0,0.0,False,96,76561199256543526,Wybaczam.oficjalnie skins.army
0,100.0,2.0,0.0,8.0,0.0,0.0,False,96,76561199826895670,RME | Пацан
0,100.0,2.0,0.0,8.0,0.0,0.0,False,96,76561198002613044,frees.tyler
0,100.0,2.0,0.0,8.0,0.0,0.0,False,96,76561198274174345,zig
0,100.0,2.0,0.0,8.0,0.0,0.0,False,96,76561199433997570,Simple Dimple skins.army
0,100.0,2.0,0.0,8.0,0.0,0.0,False,96,76561199557907229,shawty#)$@
0,100.0,2.0,0.0,8.0,0.0,255.0,False,96,76561198049602148,Moon
0,100.0,2.0,0.0,8.0,0.0,0.0,False,96,76561199068251294,prosto bo$$
0,100.0,2.0,0.0,8.0,0.0,0.0,False,96,76561198171814417,Faat
0,100.0,2.0,0.0,8.0,0.0,0.0,False,96,76561199052717313,Worfy
0,100.0,2.0,0.0,8.0,0.0,0.0,False,97,76561199256543526,Wybaczam.oficjalnie skins.army
0,100.0,2.0,0.0,8.0,0.0,0.0,False,97,76561199826895670,RME | Пацан
0,100.0,2.0,0.0,8.0,0.0,0.0,False,97,76561198002613044,frees.tyler
0,100.0,2.0,0.0,8.0,0.0,0.0,False,97,76561198274174345,zig
0,100.0,2.0,0.0,8.0,0.0,0.0,False,97,76561199433997570,Simple Dimple skins.army
0,100.0,2.0,0.0,8.0,0.0,0.0,False,97,76561199557907229,shawty#)$@
0,100.0,2.0,0.0,8.0,0.0,255.0,False,97,76561198049602148,Moon
0,100.0,2.0,0.0,8.0,0.0,0.0,False,97,76561199068251294,prosto bo$$
0,100.0,2.0,0.0,8.0,0.0,0.0,False,97,76561198171814417,Faat
0,100.0,2.0,0.0,8.0,0.0,0.0,False,97,76561199052717313,Worfy
0,100.0,2.0,0.0,8.0,0.0,0.0,False,98,76561199256543526,Wybaczam.oficjalnie skins.army
0,100.0,2.0,0.0,8.0,0.0,0.0,False,98,76561199826895670,RME | Пацан
0,100.0,2.0,0.0,8.0,0.0,0.0,False,98,76561198002613044,frees.tyler
0,100.0,2.0,0.0,8.0,0.0,0.0,False,98,76561198274174345,zig
0,100.0,2.0,0.0,8.0,0.0,0.0,False,98,76561199433997570,Simple Dimple skins.army
0,100.0,2.0,0.0,8.0,0.0,0.0,False,98,76561199557907229,shawty#)$@
0,100.0,2.0,0.0,8.0,0.0,255.0,False,98,76561198049602148,Moon
0,100.0,2.0,0.0,8.0,0.0,0.0,False,98,76561199068251294,prosto bo$$
0,100.0,2.0,0.0,8.0,0.0,0.0,False,98,76561198171814417,Faat
0,100.0,2.0,0.0,8.0,0.0,0.0,False,98,76561199052717313,Worfy
0,100.0,2.0,0.0,8.0,0.0,0.0,False,99,76561199256543526,Wybaczam.oficjalnie skins.army
0,100.0,2.0,0.0,8.0,0.0,0.0,False,99,76561199826895670,RME | Пацан
0,100.0,2.0,0.0,8.0,0.0,0.0,False,99,76561198002613044,frees.tyler
0,100.0,2.0,0.0,8.0,0.0,0.0,False,99,76561198274174345,zig
0,100.0,2.0,0.0,8.0,0.0,0.0,False,99,76561199433997570,Simple Dimple skins.army
0,100.0,2.0,0.0,8.0,0.0,0.0,False,99,76561199557907229,shawty#)$@
0,100.0,2.0,0.0,8.0,0.0,255.0,False,99,76561198049602148,Moon
0,100.0,2.0,0.0,8.0,0.0,0.0,False,99,76561199068251294,prosto bo$$
0,100.0,2.0,0.0,8.0,0.0,0.0,False,99,76561198171814417,Faat
0,100.0,2.0,0.0,8.0,0.0,0.0,False,99,76561199052717313,Worfy
0,100.0,2.0,0.0,8.0,0.0,0.0,False,100,76561199256543526,Wybaczam.oficjalnie skins.army
0,100.0,2.0,0.0,8.0,0.0,0.0,False,100,76561199826895670,RME | Пацан
0,100.0,2.0,0.0,8.0,0.0,0.0,False,100,76561198002613044,frees.tyler
0,100.0,2.0,0.0,8.0,0.0,0.0,False,100,76561198274174345,zig
0,100.0,2.0,0.0,8.0,0.0,0.0,False,100,76561199433997570,Simple Dimple skins.army
0,100.0,2.0,0.0,8.0,0.0,0.0,False,100,76561199557907229,shawty#)$@
0,100.0,2.0,0.0,8.0,0.0,255.0,False,100,76561198049602148,Moon
0,100.0,2.0,0.0,8.0,0.0,0.0,False,100,76561199068251294,prosto bo$$
0,100.0,2.0,0.0,8.0,0.0,0.0,False,100,76561198171814417,Faat
0,100.0,2.0,0.0,8.0,0.0,0.0,False,100,76561199052717313,Worfy
0,100.0,2.0,0.0,8.0,0.0,0.0,False,101,76561199256543526,Wybaczam.oficjalnie skins.army
0,100.0,2.0,0.0,8.0,0.0,0.0,False,101,76561199826895670,RME | Пацан
0,100.0,2.0,0.0,8.0,0.0,0.0,False,101,76561198002613044,frees.tyler
0,100.0,2.0,0.0,8.0,0.0,0.0,False,101,76561198274174345,zig
0,100.0,2.0,0.0,8.0,0.0,0.0,False,101,76561199433997570,Simple Dimple skins.army
0,100.0,2.0,0.0,8.0,0.0,0.0,False,101,76561199557907229,shawty#)$@
0,100.0,2.0,0.0,8.0,0.0,255.0,False,101,76561198049602148,Moon
0,100.0,2.0,0.0,8.0,0.0,0.0,False,101,76561199068251294,prosto bo$$
0,100.0,2.0,0.0,8.0,0.0,0.0,False,101,76561198171814417,Faat
0,100.0,2.0,0.0,8.0,0.0,0.0,False,101,76561199052717313,Worfy
