usercmd_viewangle_y,usercmd_impulse,usercmd_viewangle_x,tick,steamid,name
,,,1,76561199256543526,Wybaczam.oficjalnie skins.army
,,,1,76561199826895670,RME | Пацан
,,,1,76561198002613044,frees.tyler
,,,1,76561198274174345,zig
,,,1,76561199433997570,Simple Dimple skins.army
,,,1,76561199557907229,shawty#)$@
,,,1,76561198049602148,Moon
,,,1,76561199068251294,prosto bo$$
,,,1,76561198171814417,Faat
,,,1,76561199052717313,Worfy
-9.340018,0.0,-4.4731865,2,76561199256543526,Wybaczam.oficjalnie skins.army
172.78522,0.0,-0.48114967,2,76561199826895670,RME | Пацан
-177.00005,0.0,0.0,2,76561198002613044,frees.tyler
96.05051,0.0,4.727787,2,76561198274174345,zig
-129.99985,0.0,0.0,2,76561199433997570,Simple Dimple skins.army
-156.75258,0.0,1.4309297,2,76561199557907229,shawty#)$@
55.71785,0.0,89.0,2,76561198049602148,Moon
-154.77428,0.0,-0.18480003,2,76561199068251294,prosto bo$$
158.12357,0.0,9.869939,2,76561198171814417,Faat
23.648296,0.0,1.5488039,2,76561199052717313,Worfy
-9.340018,0.0,-4.4731865,3,76561199256543526,Wybaczam.oficjalnie skins.army
172.78522,0.0,-0.48114967,3,76561199826895670,RME | Пацан
-177.00005,0.0,0.0,3,76561198002613044,frees.tyler
96.05051,0.0,4.727787,3,76561198274174345,zig
-129.99985,0.0,0.0,3,76561199433997570,Simple Dimple skins.army
-156.75258,0.0,1.4309297,3,76561199557907229,shawty#)$@
55.64525,0.0,87.8384,3,76561198049602148,Moon
-154.86668,0.0,-0.18480003,3,76561199068251294,prosto bo$$
154.36508,0.0,10.031594,3,76561198171814417,Faat
23.648296,0.0,1.5840039,3,76561199052717313,Worfy
-9.340018,0.0,-4.4731865,4,76561199256543526,Wybaczam.oficjalnie skins.army
172.78522,0.0,-0.48114967,4,76561199826895670,RME | Пацан
-177.00005,0.0,0.0,4,76561198002613044,frees.tyler
96.05051,0.0,4.727787,4,76561198274174345,zig
-129.99985,0.0,0.0,4,76561199433997570,Simple Dimple skins.army
-156.75258,0.0,1.4309297,4,76561199557907229,shawty#)$@
55.548447,0.0,83.845406,4,76561198049602148,Moon
-154.91289,0.0,-0.13860004,4,76561199068251294,prosto bo$$
152.42522,0.0,10.031594,4,76561198171814417,Faat
23.753897,0.0,1.5840039,4,76561199052717313,Worfy
-9.340018,0.0,-4.4731865,5,76561199256543526,Wybaczam.oficjalnie skins.army
172.78522,0.0,-0.48114967,5,76561199826895670,RME | Пацан
-177.00005,0.0,0.0,5,76561198002613044,frees.tyler
96.05051,0.0,4.727787,5,76561198274174345,zig
-129.99985,0.0,0.0,5,76561199433997570,Simple Dimple skins.army
-156.75258,0.0,1.4309297,5,76561199557907229,shawty#)$@
55.536346,0.0,81.5827,5,76561198049602148,Moon
-154.91289,0.0,-0.13860004,5,76561199068251294,prosto bo$$
149.91956,0.0,10.031594,5,76561198171814417,Faat
24.035498,0.0,1.5840039,5,76561199052717313,Worfy
-9.340018,0.0,-4.4731865,6,76561199256543526,Wybaczam.oficjalnie skins.army
172.78522,0.0,-0.48114967,6,76561199826895670,RME | Пацан
-177.00005,0.0,0.0,6,76561198002613044,frees.tyler
96.05051,0.0,4.727787,6,76561198274174345,zig
-129.99985,0.0,0.0,6,76561199433997570,Simple Dimple skins.army
-156.75258,0.0,1.4309297,6,76561199557907229,shawty#)$@
55.548447,0.0,79.598305,6,76561198049602148,Moon
-154.91289,0.0,-0.13860004,6,76561199068251294,prosto bo$$
148.26259,0.0,9.910353,6,76561198171814417,Faat
24.4579,0.0,1.5488039,6,76561199052717313,Worfy
-9.340018,0.0,-4.4731865,7,76561199256543526,Wybaczam.oficjalnie skins.army
172.78522,0.0,-0.48114967,7,76561199826895670,RME | Пацан
-177.00005,0.0,0.0,7,76561198002613044,frees.tyler
96.05051,0.0,4.727787,7,76561198274174345,zig
-129.99985,0.0,0.0,7,76561199433997570,Simple Dimple skins.army
-156.75258,0.0,1.4309297,7,76561199557907229,shawty#)$@
55.548447,0.0,79.598305,7,76561198049602148,Moon
-154.91289,0.0,-0.13860004,7,76561199068251294,prosto bo$$
145.959,0.0,9.789111,7,76561198171814417,Faat
24.4579,0.0,1.5488039,7,76561199052717313,Worfy
-9.340018,0.0,-4.4731865,8,76561199256543526,Wybaczam.oficjalnie skins.army
172.78522,0.0,-0.48114967,8,76561199826895670,RME | Пацан
-177.00005,0.0,0.0,8,76561198002613044,frees.tyler
96.05051,0.0,4.727787,8,76561198274174345,zig
-129.99985,0.0,0.0,8,76561199433997570,Simple Dimple skins.army
-156.75258,0.0,1.4309297,8,76561199557907229,shawty#)$@
55.548447,0.0,79.598305,8,76561198049602148,Moon
-154.91289,0.0,-0.13860004,8,76561199068251294,prosto bo$$
144.62534,0.0,9.66787,8,76561198171814417,Faat
24.4579,0.0,1.5488039,8,76561199052717313,Worfy
-9.340018,0.0,-4.4731865,9,76561199256543526,Wybaczam.oficjalnie skins.army
172.78522,0.0,-0.48114967,9,76561199826895670,RME | Пацан
-177.00005,0.0,0.0,9,76561198002613044,frees.tyler
96.05051,0.0,4.727787,9,76561198274174345,zig
-129.99985,0.0,0.0,9,76561199433997570,Simple Dimple skins.army
-156.75258,0.0,1.4309297,9,76561199557907229,shawty#)$@
55.548447,0.0,79.598305,9,76561198049602148,Moon
-154.91289,0.0,-0.13860004,9,76561199068251294,prosto bo$$
144.14038,0.0,9.627456,9,76561198171814417,Faat
24.4579,0.0,1.5488039,9,76561199052717313,Worfy
-9.340018,0.0,-4.4731865,10,76561199256543526,Wybaczam.oficjalnie skins.army
172.78522,0.0,-0.48114967,10,76561199826895670,RME | Пацан
-177.00005,0.0,0.0,10,76561198002613044,frees.tyler
96.05051,0.0,4.727787,10,76561198274174345,zig
-129.99985,0.0,0.0,10,76561199433997570,Simple Dimple skins.army
-156.75258,0.0,1.4309297,10,76561199557907229,shawty#)$@
55.548447,0.0,79.598305,10,76561198049602148,Moon
-154.91289,0.0,-0.13860004,10,76561199068251294,prosto bo$$
144.14038,0.0,9.627456,10,76561198171814417,Faat
24.4579,0.0,1.5488039,10,76561199052717313,Worfy
-9.340018,0.0,-4.4731865,11,76561199256543526,Wybaczam.oficjalnie skins.army
172.78522,0.0,-0.48114967,11,76561199826895670,RME | Пацан
-177.00005,0.0,0.0,11,76561198002613044,frees.tyler
96.05051,0.0,4.727787,11,76561198274174345,zig
-129.99985,0.0,0.0,11,76561199433997570,Simple Dimple skins.army
-156.75258,0.0,1.4309297,11,76561199557907229,shawty#)$@
55.548447,0.0,79.598305,11,76561198049602148,Moon
-154.91289,0.0,-0.13860004,11,76561199068251294,prosto bo$$
144.14038,0.0,9.627456,11,76561198171814417,Faat
24.4579,0.0,1.5488039,11,76561199052717313,Worfy
-9.340018,0.0,-4.4731865,12,76561199256543526,Wybaczam.oficjalnie skins.army
172.78522,0.0,-0.48114967,12,76561199826895670,RME | Пацан
-177.00005,0.0,0.0,12,76561198002613044,frees.tyler
96.05051,0.0,4.727787,12,76561198274174345,zig
-129.99985,0.0,0.0,12,76561199433997570,Simple Dimple skins.army
-156.75258,0.0,1.4309297,12,76561199557907229,shawty#)$@
55.548447,0.0,79.598305,12,76561198049602148,Moon
-154.91289,0.0,-0.13860004,12,76561199068251294,prosto bo$$
144.14038,0.0,9.627456,12,76561198171814417,Faat
24.4579,0.0,1.5488039,12,76561199052717313,Worfy
-9.340018,0.0,-4.4731865,13,76561199256543526,Wybaczam.oficjalnie skins.army
172.78522,0.0,-0.48114967,13,76561199826895670,RME | Пацан
-177.00005,0.0,0.0,13,76561198002613044,frees.tyler
96.05051,0.0,4.727787,13,76561198274174345,zig
-129.99985,0.0,0.0,13,76561199433997570,Simple Dimple skins.army
-156.75258,0.0,1.4309297,13,76561199557907229,shawty#)$@
55.548447,0.0,79.598305,13,76561198049602148,Moon
-154.91289,0.0,-0.13860004,13,76561199068251294,prosto bo$$
144.14038,0.0,9.627456,13,76561198171814417,Faat
24.4579,0.0,1.5488039,13,76561199052717313,Worfy
-9.340018,0.0,-4.4731865,14,76561199256543526,Wybaczam.oficjalnie skins.army
172.78522,0.0,-0.48114967,14,76561199826895670,RME | Пацан
-177.00005,0.0,0.0,14,76561198002613044,frees.tyler
96.05051,0.0,4.727787,14,76561198274174345,zig
-129.99985,0.0,0.0,14,76561199433997570,Simple Dimple skins.army
-156.75258,0.0,1.4309297,14,76561199557907229,shawty#)$@
55.548447,0.0,79.598305,14,76561198049602148,Moon
-154.91289,0.0,-0.13860004,14,76561199068251294,prosto bo$$
144.14038,0.0,9.627456,14,76561198171814417,Faat
24.4579,0.0,1.5488039,14,76561199052717313,Worfy
-9.340018,0.0,-4.4731865,15,76561199256543526,Wybaczam.oficjalnie skins.army
172.78522,0.0,-0.48114967,15,76561199826895670,RME | Пацан
-177.00005,0.0,0.0,15,76561198002613044,frees.tyler
96.05051,0.0,4.727787,15,76561198274174345,zig
-129.99985,0.0,0.0,15,76561199433997570,Simple Dimple skins.army
-156.75258,0.0,1.4309297,15,76561199557907229,shawty#)$@
55.548447,0.0,79.598305,15,76561198049602148,Moon
-154.91289,0.0,-0.13860004,15,76561199068251294,prosto bo$$
144.14038,0.0,9.627456,15,76561198171814417,Faat
24.4579,0.0,1.5488039,15,76561199052717313,Worfy
-9.340018,0.0,-4.4731865,16,76561199256543526,Wybaczam.oficjalnie skins.army
172.78522,0.0,-0.48114967,16,76561199826895670,RME | Пацан
-177.00005,0.0,0.0,16,76561198002613044,frees.tyler
96.05051,0.0,4.727787,16,76561198274174345,zig
-129.99985,0.0,0.0,16,76561199433997570,Simple Dimple skins.army
-156.75258,0.0,1.4309297,16,76561199557907229,shawty#)$@
55.548447,0.0,79.598305,16,76561198049602148,Moon
-154.91289,0.0,-0.13860004,16,76561199068251294,prosto bo$$
144.14038,0.0,9.627456,16,76561198171814417,Faat
24.4579,0.0,1.5488039,16,76561199052717313,Worfy
-9.340018,0.0,-4.4731865,17,76561199256543526,Wybaczam.oficjalnie skins.army
172.78522,0.0,-0.48114967,17,76561199826895670,RME | Пацан
-177.00005,0.0,0.0,17,76561198002613044,frees.tyler
96.05051,0.0,4.727787,17,76561198274174345,zig
-129.99985,0.0,0.0,17,76561199433997570,Simple Dimple skins.army
-156.75258,0.0,1.4309297,17,76561199557907229,shawty#)$@
55.548447,0.0,79.598305,17,76561198049602148,Moon
-154.91289,0.0,-0.13860004,17,76561199068251294,prosto bo$$
144.14038,0.0,9.627456,17,76561198171814417,Faat
24.4579,0.0,1.5488039,17,76561199052717313,Worfy
-9.340018,0.0,-4.4731865,18,76561199256543526,Wybaczam.oficjalnie skins.army
172.78522,0.0,-0.48114967,18,76561199826895670,RME | Пацан
-177.00005,0.0,0.0,18,76561198002613044,frees.tyler
96.05051,0.0,4.727787,18,76561198274174345,zig
-129.99985,0.0,0.0,18,76561199433997570,Simple Dimple skins.army
-156.75258,0.0,1.4309297,18,76561199557907229,shawty#)$@
55.548447,0.0,79.598305,18,76561198049602148,Moon
-154.91289,0.0,-0.13860004,18,76561199068251294,prosto bo$$
144.14038,0.0,9.627456,18,76561198171814417,Faat
24.4579,0.0,1.5488039,18,76561199052717313,Worfy
-9.340018,0.0,-4.4731865,19,76561199256543526,Wybaczam.oficjalnie skins.army
172.78522,0.0,-0.48114967,19,76561199826895670,RME | Пацан
-177.00005,0.0,0.0,19,76561198002613044,frees.tyler
96.05051,0.0,4.727787,19,76561198274174345,zig
-129.99985,0.0,0.0,19,76561199433997570,Simple Dimple skins.army
-156.75258,0.0,1.4309297,19,76561199557907229,shawty#)$@
55.548447,0.0,79.598305,19,76561198049602148,Moon
-154.91289,0.0,-0.13860004,19,76561199068251294,prosto bo$$
144.14038,0.0,9.627456,19,76561198171814417,Faat
24.4579,0.0,1.5488039,19,76561199052717313,Worfy
-9.340018,0.0,-4.4731865,20,76561199256543526,Wybaczam.oficjalnie skins.army
172.78522,0.0,-0.48114967,20,76561199826895670,RME | Пацан
-177.00005,0.0,0.0,20,76561198002613044,frees.tyler
96.05051,0.0,4.727787,20,76561198274174345,zig
-129.99985,0.0,0.0,20,76561199433997570,Simple Dimple skins.army
-156.75258,0.0,1.4309297,20,76561199557907229,shawty#)$@
55.548447,0.0,79.598305,20,76561198049602148,Moon
-154.91289,0.0,-0.13860004,20,76561199068251294,prosto bo$$
144.14038,0.0,9.627456,20,76561198171814417,Faat
24.4579,0.0,1.5488039,20,76561199052717313,Worfy
-9.340018,0.0,-4.4731865,21,76561199256543526,Wybaczam.oficjalnie skins.army
172.78522,0.0,-0.48114967,21,76561199826895670,RME | Пацан
-177.00005,0.0,0.0,21,76561198002613044,frees.tyler
96.05051,0.0,4.727787,21,76561198274174345,zig
-129.99985,0.0,0.0,21,76561199433997570,Simple Dimple skins.army
-156.75258,0.0,1.4309297,21,76561199557907229,shawty#)$@
55.548447,0.0,79.598305,21,76561198049602148,Moon
-154.91289,0.0,-0.13860004,21,76561199068251294,prosto bo$$
144.14038,0.0,9.627456,21,76561198171814417,Faat
24.4579,0.0,1.5488039,21,76561199052717313,Worfy
-9.340018,0.0,-4.4731865,22,76561199256543526,Wybaczam.oficjalnie skins.army
172.78522,0.0,-0.48114967,22,76561199826895670,RME | Пацан
-177.00005,0.0,0.0,22,76561198002613044,frees.tyler
96.05051,0.0,4.727787,22,76561198274174345,zig
-129.99985,0.0,0.0,22,76561199433997570,Simple Dimple skins.army
-156.75258,0.0,1.4309297,22,76561199557907229,shawty#)$@
55.548447,0.0,79.598305,22,76561198049602148,Moon
-154.91289,0.0,-0.13860004,22,76561199068251294,prosto bo$$
144.14038,0.0,9.627456,22,76561198171814417,Faat
24.4579,0.0,1.5488039,22,76561199052717313,Worfy
-9.340018,0.0,-4.4731865,23,76561199256543526,Wybaczam.oficjalnie skins.army
172.78522,0.0,-0.48114967,23,76561199826895670,RME | Пацан
-177.00005,0.0,0.0,23,76561198002613044,frees.tyler
96.05051,0.0,4.727787,23,76561198274174345,zig
-129.99985,0.0,0.0,23,76561199433997570,Simple Dimple skins.army
-156.75258,0.0,1.4309297,23,76561199557907229,shawty#)$@
55.548447,0.0,79.598305,23,76561198049602148,Moon
-154.91289,0.0,-0.13860004,23,76561199068251294,prosto bo$$
144.14038,0.0,9.627456,23,76561198171814417,Faat
24.4579,0.0,1.5488039,23,76561199052717313,Worfy
-9.340018,0.0,-4.4731865,24,76561199256543526,Wybaczam.oficjalnie skins.army
172.78522,0.0,-0.48114967,24,76561199826895670,RME | Пацан
-177.00005,0.0,0.0,24,76561198002613044,frees.tyler
96.05051,0.0,4.727787,24,76561198274174345,zig
-129.99985,0.0,0.0,24,76561199433997570,Simple Dimple skins.army
-156.75258,0.0,1.4309297,24,76561199557907229,shawty#)$@
55.548447,0.0,79.598305,24,76561198049602148,Moon
-154.91289,0.0,-0.13860004,24,76561199068251294,prosto bo$$
144.14038,0.0,9.627456,24,76561198171814417,Faat
24.4579,0.0,1.5488039,24,76561199052717313,Worfy
-9.340018,0.0,-4.4731865,25,76561199256543526,Wybaczam.oficjalnie skins.army
172.78522,0.0,-0.48114967,25,76561199826895670,RME | Пацан
-177.00005,0.0,0.0,25,76561198002613044,frees.tyler
96.05051,0.0,4.727787,25,76561198274174345,zig
-129.99985,0.0,0.0,25,76561199433997570,Simple Dimple skins.army
-156.75258,0.0,1.4309297,25,76561199557907229,shawty#)$@
55.548447,0.0,79.598305,25,76561198049602148,Moon
-154.91289,0.0,-0.13860004,25,76561199068251294,prosto bo$$
144.14038,0.0,9.627456,25,76561198171814417,Faat
24.4579,0.0,1.5488039,25,76561199052717313,Worfy
-9.340018,0.0,-4.4731865,26,76561199256543526,Wybaczam.oficjalnie skins.army
172.78522,0.0,-0.48114967,26,76561199826895670,RME | Пацан
-177.00005,0.0,0.0,26,76561198002613044,frees.tyler
96.05051,0.0,4.727787,26,76561198274174345,zig
-129.99985,0.0,0.0,26,76561199433997570,Simple Dimple skins.army
-156.75258,0.0,1.4309297,26,76561199557907229,shawty#)$@
55.548447,0.0,79.598305,26,76561198049602148,Moon
-154.91289,0.0,-0.13860004,26,76561199068251294,prosto bo$$
144.14038,0.0,9.627456,26,76561198171814417,Faat
24.4579,0.0,1.5488039,26,76561199052717313,Worfy
-9.340018,0.0,-4.4731865,27,76561199256543526,Wybaczam.oficjalnie skins.army
172.78522,0.0,-0.48114967,27,76561199826895670,RME | Пацан
-177.00005,0.0,0.0,27,76561198002613044,frees.tyler
96.05051,0.0,4.727787,27,76561198274174345,zig
-129.99985,0.0,0.0,27,76561199433997570,Simple Dimple skins.army
-156.75258,0.0,1.4309297,27,76561199557907229,shawty#)$@
55.548447,0.0,79.598305,27,76561198049602148,Moon
-154.91289,0.0,-0.13860004,27,76561199068251294,prosto bo$$
144.14038,0.0,9.627456,27,76561198171814417,Faat
24.4579,0.0,1.5488039,27,76561199052717313,Worfy
-9.340018,0.0,-4.4731865,28,76561199256543526,Wybaczam.oficjalnie skins.army
172.78522,0.0,-0.48114967,28,76561199826895670,RME | Пацан
-177.00005,0.0,0.0,28,76561198002613044,frees.tyler
96.05051,0.0,4.727787,28,76561198274174345,zig
-129.99985,0.0,0.0,28,76561199433997570,Simple Dimple skins.army
-156.75258,0.0,1.4309297,28,76561199557907229,shawty#)$@
55.548447,0.0,79.598305,28,76561198049602148,Moon
-154.91289,0.0,-0.13860004,28,76561199068251294,prosto bo$$
144.14038,0.0,9.627456,28,76561198171814417,Faat
24.4579,0.0,1.5488039,28,76561199052717313,Worfy
-9.340018,0.0,-4.4731865,29,76561199256543526,Wybaczam.oficjalnie skins.army
172.78522,0.0,-0.48114967,29,76561199826895670,RME | Пацан
-177.00005,0.0,0.0,29,76561198002613044,frees.tyler
96.05051,0.0,4.727787,29,76561198274174345,zig
-129.99985,0.0,0.0,29,76561199433997570,Simple Dimple skins.army
-156.75258,0.0,1.4309297,29,76561199557907229,shawty#)$@
55.548447,0.0,79.598305,29,76561198049602148,Moon
-154.91289,0.0,-0.13860004,29,76561199068251294,prosto bo$$
144.14038,0.0,9.627456,29,76561198171814417,Faat
24.4579,0.0,1.5488039,29,76561199052717313,Worfy
-9.340018,0.0,-4.4731865,30,76561199256543526,Wybaczam.oficjalnie skins.army
172.78522,0.0,-0.48114967,30,76561199826895670,RME | Пацан
-177.00005,0.0,0.0,30,76561198002613044,frees.tyler
96.05051,0.0,4.727787,30,76561198274174345,zig
-129.99985,0.0,0.0,30,76561199433997570,Simple Dimple skins.army
-156.75258,0.0,1.4309297,30,76561199557907229,shawty#)$@
55.548447,0.0,79.598305,30,76561198049602148,Moon
-154.91289,0.0,-0.13860004,30,76561199068251294,prosto bo$$
144.14038,0.0,9.627456,30,76561198171814417,Faat
24.4579,0.0,1.5488039,30,76561199052717313,Worfy
-9.340018,0.0,-4.4731865,31,76561199256543526,Wybaczam.oficjalnie skins.army
172.78522,0.0,-0.48114967,31,76561199826895670,RME | Пацан
-177.00005,0.0,0.0,31,76561198002613044,frees.tyler
96.05051,0.0,4.727787,31,76561198274174345,zig
-129.99985,0.0,0.0,31,76561199433997570,Simple Dimple skins.army
-156.75258,0.0,1.4309297,31,76561199557907229,shawty#)$@
55.548447,0.0,79.598305,31,76561198049602148,Moon
-154.91289,0.0,-0.13860004,31,76561199068251294,prosto bo$$
144.14038,0.0,9.627456,31,76561198171814417,Faat
24.4579,0.0,1.5488039,31,76561199052717313,Worfy
-9.340018,0.0,-4.4731865,32,76561199256543526,Wybaczam.oficjalnie skins.army
172.78522,0.0,-0.48114967,32,76561199826895670,RME | Пацан
-177.00005,0.0,0.0,32,76561198002613044,frees.tyler
96.05051,0.0,4.727787,32,76561198274174345,zig
-129.99985,0.0,0.0,32,76561199433997570,Simple Dimple skins.army
-156.75258,0.0,1.4309297,32,76561199557907229,shawty#)$@
55.548447,0.0,79.598305,32,76561198049602148,Moon
-154.91289,0.0,-0.13860004,32,76561199068251294,prosto bo$$
144.14038,0.0,9.627456,32,76561198171814417,Faat
24.4579,0.0,1.5488039,32,76561199052717313,Worfy
-9.340018,0.0,-4.4731865,33,76561199256543526,Wybaczam.oficjalnie skins.army
172.78522,0.0,-0.48114967,33,76561199826895670,RME | Пацан
-177.00005,0.0,0.0,33,76561198002613044,frees.tyler
96.05051,0.0,4.727787,33,76561198274174345,zig
-129.99985,0.0,0.0,33,76561199433997570,Simple Dimple skins.army
-156.75258,0.0,1.4309297,33,76561199557907229,shawty#)$@
55.548447,0.0,79.598305,33,76561198049602148,Moon
-154.91289,0.0,-0.13860004,33,76561199068251294,prosto bo$$
144.14038,0.0,9.627456,33,76561198171814417,Faat
24.4579,0.0,1.5488039,33,76561199052717313,Worfy
-9.340018,0.0,-4.4731865,34,76561199256543526,Wybaczam.oficjalnie skins.army
172.78522,0.0,-0.48114967,34,76561199826895670,RME | Пацан
-177.00005,0.0,0.0,34,76561198002613044,frees.tyler
96.05051,0.0,4.727787,34,76561198274174345,zig
-129.99985,0.0,0.0,34,76561199433997570,Simple Dimple skins.army
-156.75258,0.0,1.4309297,34,76561199557907229,shawty#)$@
55.548447,0.0,79.598305,34,76561198049602148,Moon
-154.91289,0.0,-0.13860004,34,76561199068251294,prosto bo$$
144.14038,0.0,9.627456,34,76561198171814417,Faat
24.4579,0.0,1.5488039,34,76561199052717313,Worfy
-9.340018,0.0,-4.4731865,35,76561199256543526,Wybaczam.oficjalnie skins.army
172.78522,0.0,-0.48114967,35,76561199826895670,RME | Пацан
-177.00005,0.0,0.0,35,76561198002613044,frees.tyler
96.05051,0.0,4.727787,35,76561198274174345,zig
-129.99985,0.0,0.0,35,76561199433997570,Simple Dimple skins.army
-156.75258,0.0,1.4309297,35,76561199557907229,shawty#)$@
55.548447,0.0,79.598305,35,76561198049602148,Moon
-154.91289,0.0,-0.13860004,35,76561199068251294,prosto bo$$
144.14038,0.0,9.627456,35,76561198171814417,Faat
24.4579,0.0,1.5488039,35,76561199052717313,Worfy
-9.340018,0.0,-4.4731865,36,76561199256543526,Wybaczam.oficjalnie skins.army
172.78522,0.0,-0.48114967,36,76561199826895670,RME | Пацан
-177.00005,0.0,0.0,36,76561198002613044,frees.tyler
96.05051,0.0,4.727787,36,76561198274174345,zig
-129.99985,0.0,0.0,36,76561199433997570,Simple Dimple skins.army
-156.75258,0.0,1.4309297,36,76561199557907229,shawty#)$@
55.548447,0.0,79.598305,36,76561198049602148,Moon
-154.91289,0.0,-0.13860004,36,76561199068251294,prosto bo$$
144.14038,0.0,9.627456,36,76561198171814417,Faat
24.4579,0.0,1.5488039,36,76561199052717313,Worfy
-9.340018,0.0,-4.4731865,37,76561199256543526,Wybaczam.oficjalnie skins.army
172.78522,0.0,-0.48114967,37,76561199826895670,RME | Пацан
-177.00005,0.0,0.0,37,76561198002613044,frees.tyler
96.05051,0.0,4.727787,37,76561198274174345,zig
-129.99985,0.0,0.0,37,76561199433997570,Simple Dimple skins.army
-156.75258,0.0,1.4309297,37,76561199557907229,shawty#)$@
55.548447,0.0,79.598305,37,76561198049602148,Moon
-154.91289,0.0,-0.13860004,37,76561199068251294,prosto bo$$
144.14038,0.0,9.627456,37,76561198171814417,Faat
24.4579,0.0,1.5488039,37,76561199052717313,Worfy
-9.340018,0.0,-4.4731865,38,76561199256543526,Wybaczam.oficjalnie skins.army
172.78522,0.0,-0.48114967,38,76561199826895670,RME | Пацан
-177.00005,0.0,0.0,38,76561198002613044,frees.tyler
96.05051,0.0,4.727787,38,76561198274174345,zig
-129.99985,0.0,0.0,38,76561199433997570,Simple Dimple skins.army
-156.75258,0.0,1.4309297,38,76561199557907229,shawty#)$@
55.548447,0.0,79.598305,38,76561198049602148,Moon
-154.91289,0.0,-0.13860004,38,76561199068251294,prosto bo$$
144.14038,0.0,9.627456,38,76561198171814417,Faat
24.4579,0.0,1.5488039,38,76561199052717313,Worfy
-9.340018,0.0,-4.4731865,39,76561199256543526,Wybaczam.oficjalnie skins.army
172.78522,0.0,-0.48114967,39,76561199826895670,RME | Пацан
-177.00005,0.0,0.0,39,76561198002613044,frees.tyler
96.05051,0.0,4.727787,39,76561198274174345,zig
-129.99985,0.0,0.0,39,76561199433997570,Simple Dimple skins.army
-156.75258,0.0,1.4309297,39,76561199557907229,shawty#)$@
55.548447,0.0,79.598305,39,76561198049602148,Moon
-154.91289,0.0,-0.13860004,39,76561199068251294,prosto bo$$
144.14038,0.0,9.627456,39,76561198171814417,Faat
24.4579,0.0,1.5488039,39,76561199052717313,Worfy
-9.340018,0.0,-4.4731865,40,76561199256543526,Wybaczam.oficjalnie skins.army
172.78522,0.0,-0.48114967,40,76561199826895670,RME | Пацан
-177.00005,0.0,0.0,40,76561198002613044,frees.tyler
96.05051,0.0,4.727787,40,76561198274174345,zig
-129.99985,0.0,0.0,40,76561199433997570,Simple Dimple skins.army
-156.75258,0.0,1.4309297,40,76561199557907229,shawty#)$@
55.548447,0.0,79.598305,40,76561198049602148,Moon
-154.91289,0.0,-0.13860004,40,76561199068251294,prosto bo$$
144.14038,0.0,9.627456,40,76561198171814417,Faat
24.4579,0.0,1.5488039,40,76561199052717313,Worfy
-9.340018,0.0,-4.4731865,41,76561199256543526,Wybaczam.oficjalnie skins.army
172.78522,0.0,-0.48114967,41,76561199826895670,RME | Пацан
-177.00005,0.0,0.0,41,76561198002613044,frees.tyler
96.05051,0.0,4.727787,41,76561198274174345,zig
-129.99985,0.0,0.0,41,76561199433997570,Simple Dimple skins.army
-156.75258,0.0,1.4309297,41,76561199557907229,shawty#)$@
55.548447,0.0,79.598305,41,76561198049602148,Moon
-154.91289,0.0,-0.13860004,41,76561199068251294,prosto bo$$
144.14038,0.0,9.627456,41,76561198171814417,Faat
24.4579,0.0,1.5488039,41,76561199052717313,Worfy
-9.340018,0.0,-4.4731865,42,76561199256543526,Wybaczam.oficjalnie skins.army
172.78522,0.0,-0.48114967,42,76561199826895670,RME | Пацан
-177.00005,0.0,0.0,42,76561198002613044,frees.tyler
96.05051,0.0,4.727787,42,76561198274174345,zig
-129.99985,0.0,0.0,42,76561199433997570,Simple Dimple skins.army
-156.75258,0.0,1.4309297,42,76561199557907229,shawty#)$@
55.548447,0.0,79.598305,42,76561198049602148,Moon
-154.91289,0.0,-0.13860004,42,76561199068251294,prosto bo$$
144.14038,0.0,9.627456,42,76561198171814417,Faat
24.4579,0.0,1.5488039,42,76561199052717313,Worfy
-9.340018,0.0,-4.4731865,43,76561199256543526,Wybaczam.oficjalnie skins.army
172.78522,0.0,-0.48114967,43,76561199826895670,RME | Пацан
-177.00005,0.0,0.0,43,76561198002613044,frees.tyler
96.05051,0.0,4.727787,43,76561198274174345,zig
-129.99985,0.0,0.0,43,76561199433997570,Simple Dimple skins.army
-156.75258,0.0,1.4309297,43,76561199557907229,shawty#)$@
55.548447,0.0,79.598305,43,76561198049602148,Moon
-154.91289,0.0,-0.13860004,43,76561199068251294,prosto bo$$
144.14038,0.0,9.627456,43,76561198171814417,Faat
24.4579,0.0,1.5488039,43,76561199052717313,Worfy
-9.340018,0.0,-4.4731865,44,76561199256543526,Wybaczam.oficjalnie skins.army
172.78522,0.0,-0.48114967,44,76561199826895670,RME | Пацан
-177.00005,0.0,0.0,44,76561198002613044,frees.tyler
96.05051,0.0,4.727787,44,76561198274174345,zig
-129.99985,0.0,0.0,44,76561199433997570,Simple Dimple skins.army
-156.75258,0.0,1.4309297,44,76561199557907229,shawty#)$@
55.548447,0.0,79.598305,44,76561198049602148,Moon
-154.91289,0.0,-0.13860004,44,76561199068251294,prosto bo$$
144.14038,0.0,9.627456,44,76561198171814417,Faat
24.4579,0.0,1.5488039,44,76561199052717313,Worfy
-9.340018,0.0,-4.4731865,45,76561199256543526,Wybaczam.oficjalnie skins.army
172.78522,0.0,-0.48114967,45,76561199826895670,RME | Пацан
-177.00005,0.0,0.0,45,76561198002613044,frees.tyler
96.05051,0.0,4.727787,45,76561198274174345,zig
-129.99985,0.0,0.0,45,76561199433997570,Simple Dimple skins.army
-156.75258,0.0,1.4309297,45,76561199557907229,shawty#)$@
55.548447,0.0,79.598305,45,76561198049602148,Moon
-154.91289,0.0,-0.13860004,45,76561199068251294,prosto bo$$
144.14038,0.0,9.627456,45,76561198171814417,Faat
24.4579,0.0,1.5488039,45,76561199052717313,Worfy
-9.340018,0.0,-4.4731865,46,76561199256543526,Wybaczam.oficjalnie skins.army
172.78522,0.0,-0.48114967,46,76561199826895670,RME | Пацан
-177.00005,0.0,0.0,46,76561198002613044,frees.tyler
96.05051,0.0,4.727787,46,76561198274174345,zig
-129.99985,0.0,0.0,46,76561199433997570,Simple Dimple skins.army
-156.75258,0.0,1.4309297,46,76561199557907229,shawty#)$@
55.548447,0.0,79.598305,46,76561198049602148,Moon
-154.91289,0.0,-0.13860004,46,76561199068251294,prosto bo$$
144.14038,0.0,9.627456,46,76561198171814417,Faat
24.4579,0.0,1.5488039,46,76561199052717313,Worfy
-9.340018,0.0,-4.4731865,47,76561199256543526,Wybaczam.oficjalnie skins.army
172.78522,0.0,-0.48114967,47,76561199826895670,RME | Пацан
-177.00005,0.0,0.0,47,76561198002613044,frees.tyler
96.05051,0.0,4.727787,47,76561198274174345,zig
-129.99985,0.0,0.0,47,76561199433997570,Simple Dimple skins.army
-156.75258,0.0,1.4309297,47,76561199557907229,shawty#)$@
55.548447,0.0,79.598305,47,76561198049602148,Moon
-154.91289,0.0,-0.13860004,47,76561199068251294,prosto bo$$
144.14038,0.0,9.627456,47,76561198171814417,Faat
24.4579,0.0,1.5488039,47,76561199052717313,Worfy
-9.340018,0.0,-4.4731865,48,76561199256543526,Wybaczam.oficjalnie skins.army
172.78522,0.0,-0.48114967,48,76561199826895670,RME | Пацан
-177.00005,0.0,0.0,48,76561198002613044,frees.tyler
96.05051,0.0,4.727787,48,76561198274174345,zig
-129.99985,0.0,0.0,48,76561199433997570,Simple Dimple skins.army
-156.75258,0.0,1.4309297,48,76561199557907229,shawty#)$@
55.548447,0.0,79.598305,48,76561198049602148,Moon
-154.91289,0.0,-0.13860004,48,76561199068251294,prosto bo$$
144.14038,0.0,9.627456,48,76561198171814417,Faat
24.4579,0.0,1.5488039,48,76561199052717313,Worfy
-9.340018,0.0,-4.4731865,49,76561199256543526,Wybaczam.oficjalnie skins.army
172.78522,0.0,-0.48114967,49,76561199826895670,RME | Пацан
-177.00005,0.0,0.0,49,76561198002613044,frees.tyler
96.05051,0.0,4.727787,49,76561198274174345,zig
-129.99985,0.0,0.0,49,76561199433997570,Simple Dimple skins.army
-156.75258,0.0,1.4309297,49,76561199557907229,shawty#)$@
55.548447,0.0,79.598305,49,76561198049602148,Moon
-154.91289,0.0,-0.13860004,49,76561199068251294,prosto bo$$
144.14038,0.0,9.627456,49,76561198171814417,Faat
24.4579,0.0,1.5488039,49,76561199052717313,Worfy
-9.340018,0.0,-4.4731865,50,76561199256543526,Wybaczam.oficjalnie skins.army
172.78522,0.0,-0.48114967,50,76561199826895670,RME | Пацан
-177.00005,0.0,0.0,50,76561198002613044,frees.tyler
96.05051,0.0,4.727787,50,76561198274174345,zig
-129.99985,0.0,0.0,50,76561199433997570,Simple Dimple skins.army
-156.75258,0.0,1.4309297,50,76561199557907229,shawty#)$@
55.548447,0.0,79.598305,50,76561198049602148,Moon
-154.91289,0.0,-0.13860004,50,76561199068251294,prosto bo$$
144.14038,0.0,9.627456,50,76561198171814417,Faat
24.4579,0.0,1.5488039,50,76561199052717313,Worfy
-9.340018,0.0,-4.4731865,51,76561199256543526,Wybaczam.oficjalnie skins.army
172.78522,0.0,-0.48114967,51,76561199826895670,RME | Пацан
-177.00005,0.0,0.0,51,76561198002613044,frees.tyler
96.05051,0.0,4.727787,51,76561198274174345,zig
-129.99985,0.0,0.0,51,76561199433997570,Simple Dimple skins.army
-156.75258,0.0,1.4309297,51,76561199557907229,shawty#)$@
55.548447,0.0,79.598305,51,76561198049602148,Moon
-154.91289,0.0,-0.13860004,51,76561199068251294,prosto bo$$
144.14038,0.0,9.627456,51,76561198171814417,Faat
24.4579,0.0,1.5488039,51,76561199052717313,Worfy
-9.340018,0.0,-4.4731865,52,76561199256543526,Wybaczam.oficjalnie skins.army
172.78522,0.0,-0.48114967,52,76561199826895670,RME | Пацан
-177.00005,0.0,0.0,52,76561198002613044,frees.tyler
96.05051,0.0,4.727787,52,76561198274174345,zig
-129.99985,0.0,0.0,52,76561199433997570,Simple Dimple skins.army
-156.75258,0.0,1.4309297,52,76561199557907229,shawty#)$@
55.548447,0.0,79.598305,52,76561198049602148,Moon
-154.91289,0.0,-0.13860004,52,76561199068251294,prosto bo$$
144.14038,0.0,9.627456,52,76561198171814417,Faat
24.4579,0.0,1.5488039,52,76561199052717313,Worfy
-9.340018,0.0,-4.4731865,53,76561199256543526,Wybaczam.oficjalnie skins.army
172.78522,0.0,-0.48114967,53,76561199826895670,RME | Пацан
-177.00005,0.0,0.0,53,76561198002613044,frees.tyler
96.05051,0.0,4.727787,53,76561198274174345,zig
-129.99985,0.0,0.0,53,76561199433997570,Simple Dimple skins.army
-156.75258,0.0,1.4309297,53,76561199557907229,shawty#)$@
55.548447,0.0,79.598305,53,76561198049602148,Moon
-154.91289,0.0,-0.13860004,53,76561199068251294,prosto bo$$
144.14038,0.0,9.627456,53,76561198171814417,Faat
24.4579,0.0,1.5488039,53,76561199052717313,Worfy
-9.340018,0.0,-4.4731865,54,76561199256543526,Wybaczam.oficjalnie skins.army
172.78522,0.0,-0.48114967,54,76561199826895670,RME | Пацан
-177.00005,0.0,0.0,54,76561198002613044,frees.tyler
96.05051,0.0,4.727787,54,76561198274174345,zig
-129.99985,0.0,0.0,54,76561199433997570,Simple Dimple skins.army
-156.75258,0.0,1.4309297,54,76561199557907229,shawty#)$@
55.548447,0.0,79.598305,54,76561198049602148,Moon
-154.91289,0.0,-0.13860004,54,76561199068251294,prosto bo$$
144.14038,0.0,9.627456,54,76561198171814417,Faat
24.4579,0.0,1.5488039,54,76561199052717313,Worfy
-9.340018,0.0,-4.4731865,55,76561199256543526,Wybaczam.oficjalnie skins.army
172.78522,0.0,-0.48114967,55,76561199826895670,RME | Пацан
-177.00005,0.0,0.0,55,76561198002613044,frees.tyler
96.05051,0.0,4.727787,55,76561198274174345,zig
-129.99985,0.0,0.0,55,76561199433997570,Simple Dimple skins.army
-156.75258,0.0,1.4309297,55,76561199557907229,shawty#)$@
55.548447,0.0,79.598305,55,76561198049602148,Moon
-154.91289,0.0,-0.13860004,55,76561199068251294,prosto bo$$
144.14038,0.0,9.627456,55,76561198171814417,Faat
24.4579,0.0,1.5488039,55,76561199052717313,Worfy
-9.340018,0.0,-4.4731865,56,76561199256543526,Wybaczam.oficjalnie skins.army
172.78522,0.0,-0.48114967,56,76561199826895670,RME | Пацан
-177.00005,0.0,0.0,56,76561198002613044,frees.tyler
96.05051,0.0,4.727787,56,76561198274174345,zig
-129.99985,0.0,0.0,56,76561199433997570,Simple Dimple skins.army
-156.75258,0.0,1.4309297,56,76561199557907229,shawty#)$@
55.548447,0.0,79.598305,56,76561198049602148,Moon
-154.91289,0.0,-0.13860004,56,76561199068251294,prosto bo$$
144.14038,0.0,9.627456,56,76561198171814417,Faat
24.4579,0.0,1.5488039,56,76561199052717313,Worfy
-9.340018,0.0,-4.4731865,57,76561199256543526,Wybaczam.oficjalnie skins.army
172.78522,0.0,-0.48114967,57,76561199826895670,RME | Пацан
-177.00005,0.0,0.0,57,76561198002613044,frees.tyler
96.05051,0.0,4.727787,57,76561198274174345,zig
-129.99985,0.0,0.0,57,76561199433997570,Simple Dimple skins.army
-156.75258,0.0,1.4309297,57,76561199557907229,shawty#)$@
55.548447,0.0,79.598305,57,76561198049602148,Moon
-154.91289,0.0,-0.13860004,57,76561199068251294,prosto bo$$
144.14038,0.0,9.627456,57,76561198171814417,Faat
24.4579,0.0,1.5488039,57,76561199052717313,Worfy
-9.340018,0.0,-4.4731865,58,76561199256543526,Wybaczam.oficjalnie skins.army
172.78522,0.0,-0.48114967,58,76561199826895670,RME | Пацан
-177.00005,0.0,0.0,58,76561198002613044,frees.tyler
96.05051,0.0,4.727787,58,76561198274174345,zig
-129.99985,0.0,0.0,58,76561199433997570,Simple Dimple skins.army
-156.75258,0.0,1.4309297,58,76561199557907229,shawty#)$@
55.548447,0.0,79.598305,58,76561198049602148,Moon
-154.91289,0.0,-0.13860004,58,76561199068251294,prosto bo$$
144.14038,0.0,9.627456,58,76561198171814417,Faat
24.4579,0.0,1.5488039,58,76561199052717313,Worfy
-9.340018,0.0,-4.4731865,59,76561199256543526,Wybaczam.oficjalnie skins.army
172.78522,0.0,-0.48114967,59,76561199826895670,RME | Пацан
-177.00005,0.0,0.0,59,76561198002613044,frees.tyler
96.05051,0.0,4.727787,59,76561198274174345,zig
-129.99985,0.0,0.0,59,76561199433997570,Simple Dimple skins.army
-156.75258,0.0,1.4309297,59,76561199557907229,shawty#)$@
55.548447,0.0,79.598305,59,76561198049602148,Moon
-154.91289,0.0,-0.13860004,59,76561199068251294,prosto bo$$
144.14038,0.0,9.627456,59,76561198171814417,Faat
24.4579,0.0,1.5488039,59,76561199052717313,Worfy
-9.340018,0.0,-4.4731865,60,76561199256543526,Wybaczam.oficjalnie skins.army
172.78522,0.0,-0.48114967,60,76561199826895670,RME | Пацан
-177.00005,0.0,0.0,60,76561198002613044,frees.tyler
96.05051,0.0,4.727787,60,76561198274174345,zig
-129.99985,0.0,0.0,60,76561199433997570,Simple Dimple skins.army
-156.75258,0.0,1.4309297,60,76561199557907229,shawty#)$@
55.548447,0.0,79.598305,60,76561198049602148,Moon
-154.91289,0.0,-0.13860004,60,76561199068251294,prosto bo$$
144.14038,0.0,9.627456,60,76561198171814417,Faat
24.4579,0.0,1.5488039,60,76561199052717313,Worfy
-9.340018,0.0,-4.4731865,61,76561199256543526,Wybaczam.oficjalnie skins.army
172.78522,0.0,-0.48114967,61,76561199826895670,RME | Пацан
-177.00005,0.0,0.0,61,76561198002613044,frees.tyler
96.05051,0.0,4.727787,61,76561198274174345,zig
-129.99985,0.0,0.0,61,76561199433997570,Simple Dimple skins.army
-156.75258,0.0,1.4309297,61,76561199557907229,shawty#)$@
55.548447,0.0,79.598305,61,76561198049602148,Moon
-154.91289,0.0,-0.13860004,61,76561199068251294,prosto bo$$
144.14038,0.0,9.627456,61,76561198171814417,Faat
24.4579,0.0,1.5488039,61,76561199052717313,Worfy
-9.340018,0.0,-4.4731865,62,76561199256543526,Wybaczam.oficjalnie skins.army
172.78522,0.0,-0.48114967,62,76561199826895670,RME | Пацан
-177.00005,0.0,0.0,62,76561198002613044,frees.tyler
96.05051,0.0,4.727787,62,76561198274174345,zig
-129.99985,0.0,0.0,62,76561199433997570,Simple Dimple skins.army
-156.75258,0.0,1.4309297,62,76561199557907229,shawty#)$@
55.548447,0.0,79.598305,62,76561198049602148,Moon
-154.91289,0.0,-0.13860004,62,76561199068251294,prosto bo$$
144.14038,0.0,9.627456,62,76561198171814417,Faat
24.4579,0.0,1.5488039,62,76561199052717313,Worfy
-9.340018,0.0,-4.4731865,63,76561199256543526,Wybaczam.oficjalnie skins.army
172.78522,0.0,-0.48114967,63,76561199826895670,RME | Пацан
-177.00005,0.0,0.0,63,76561198002613044,frees.tyler
96.05051,0.0,4.727787,63,76561198274174345,zig
-129.99985,0.0,0.0,63,76561199433997570,Simple Dimple skins.army
-156.75258,0.0,1.4309297,63,76561199557907229,shawty#)$@
55.548447,0.0,79.598305,63,76561198049602148,Moon
-154.91289,0.0,-0.13860004,63,76561199068251294,prosto bo$$
144.14038,0.0,9.627456,63,76561198171814417,Faat
24.4579,0.0,1.5488039,63,76561199052717313,Worfy
-9.340018,0.0,-4.4731865,64,76561199256543526,Wybaczam.oficjalnie skins.army
172.78522,0.0,-0.48114967,64,76561199826895670,RME | Пацан
-177.00005,0.0,0.0,64,76561198002613044,frees.tyler
96.05051,0.0,4.727787,64,76561198274174345,zig
-129.99985,0.0,0.0,64,76561199433997570,Simple Dimple skins.army
-156.75258,0.0,1.4309297,64,76561199557907229,shawty#)$@
55.548447,0.0,79.598305,64,76561198049602148,Moon
-154.91289,0.0,-0.13860004,64,76561199068251294,prosto bo$$
144.14038,0.0,9.627456,64,76561198171814417,Faat
24.4579,0.0,1.5488039,64,76561199052717313,Worfy
-9.340018,0.0,-4.4731865,65,76561199256543526,Wybaczam.oficjalnie skins.army
172.78522,0.0,-0.48114967,65,76561199826895670,RME | Пацан
-177.00005,0.0,0.0,65,76561198002613044,frees.tyler
96.05051,0.0,4.727787,65,76561198274174345,zig
-129.99985,0.0,0.0,65,76561199433997570,Simple Dimple skins.army
-156.75258,0.0,1.4309297,65,76561199557907229,shawty#)$@
55.548447,0.0,79.598305,65,76561198049602148,Moon
-154.91289,0.0,-0.13860004,65,76561199068251294,prosto bo$$
144.14038,0.0,9.627456,65,76561198171814417,Faat
24.4579,0.0,1.5488039,65,76561199052717313,Worfy
-9.340018,0.0,-4.4731865,67,76561199256543526,Wybaczam.oficjalnie skins.army
172.78522,0.0,-0.48114967,67,76561199826895670,RME | Пацан
-177.00005,0.0,0.0,67,76561198002613044,frees.tyler
96.05051,0.0,4.727787,67,76561198274174345,zig
-129.99985,0.0,0.0,67,76561199433997570,Simple Dimple skins.army
-156.75258,0.0,1.4309297,67,76561199557907229,shawty#)$@
55.548447,0.0,79.598305,67,76561198049602148,Moon
-154.91289,0.0,-0.13860004,67,76561199068251294,prosto bo$$
144.14038,0.0,9.627456,67,76561198171814417,Faat
24.4579,0.0,1.5488039,67,76561199052717313,Worfy
-9.340018,0.0,-4.4731865,68,76561199256543526,Wybaczam.oficjalnie skins.army
172.78522,0.0,-0.48114967,68,76561199826895670,RME | Пацан
-177.00005,0.0,0.0,68,76561198002613044,frees.tyler
96.05051,0.0,4.727787,68,76561198274174345,zig
-129.99985,0.0,0.0,68,76561199433997570,Simple Dimple skins.army
-156.75258,0.0,1.4309297,68,76561199557907229,shawty#)$@
55.548447,0.0,79.598305,68,76561198049602148,Moon
-154.91289,0.0,-0.13860004,68,76561199068251294,prosto bo$$
144.14038,0.0,9.627456,68,76561198171814417,Faat
24.4579,0.0,1.5488039,68,76561199052717313,Worfy
-9.340018,0.0,-4.4731865,69,76561199256543526,Wybaczam.oficjalnie skins.army
172.78522,0.0,-0.48114967,69,76561199826895670,RME | Пацан
-177.00005,0.0,0.0,69,76561198002613044,frees.tyler
96.05051,0.0,4.727787,69,76561198274174345,zig
-129.99985,0.0,0.0,69,76561199433997570,Simple Dimple skins.army
-156.75258,0.0,1.4309297,69,76561199557907229,shawty#)$@
55.548447,0.0,79.598305,69,76561198049602148,Moon
-154.91289,0.0,-0.13860004,69,76561199068251294,prosto bo$$
144.14038,0.0,9.627456,69,76561198171814417,Faat
24.4579,0.0,1.5488039,69,76561199052717313,Worfy
-9.340018,0.0,-4.4731865,70,76561199256543526,Wybaczam.oficjalnie skins.army
172.78522,0.0,-0.48114967,70,76561199826895670,RME | Пацан
-177.00005,0.0,0.0,70,76561198002613044,frees.tyler
96.05051,0.0,4.727787,70,76561198274174345,zig
-129.99985,0.0,0.0,70,76561199433997570,Simple Dimple skins.army
-156.75258,0.0,1.4309297,70,76561199557907229,shawty#)$@
55.548447,0.0,79.598305,70,76561198049602148,Moon
-154.91289,0.0,-0.13860004,70,76561199068251294,prosto bo$$
144.14038,0.0,9.627456,70,76561198171814417,Faat
24.4579,0.0,1.5488039,70,76561199052717313,Worfy
-9.340018,0.0,-4.4731865,71,76561199256543526,Wybaczam.oficjalnie skins.army
172.78522,0.0,-0.48114967,71,76561199826895670,RME | Пацан
-177.00005,0.0,0.0,71,76561198002613044,frees.tyler
96.05051,0.0,4.727787,71,76561198274174345,zig
-129.99985,0.0,0.0,71,76561199433997570,Simple Dimple skins.army
-156.75258,0.0,1.4309297,71,76561199557907229,shawty#)$@
55.548447,0.0,79.598305,71,76561198049602148,Moon
-154.91289,0.0,-0.13860004,71,76561199068251294,prosto bo$$
144.14038,0.0,9.627456,71,76561198171814417,Faat
24.4579,0.0,1.5488039,71,76561199052717313,Worfy
-9.340018,0.0,-4.4731865,72,76561199256543526,Wybaczam.oficjalnie skins.army
172.78522,0.0,-0.48114967,72,76561199826895670,RME | Пацан
-177.00005,0.0,0.0,72,76561198002613044,frees.tyler
96.05051,0.0,4.727787,72,76561198274174345,zig
-129.99985,0.0,0.0,72,76561199433997570,Simple Dimple skins.army
-156.75258,0.0,1.4309297,72,76561199557907229,shawty#)$@
55.548447,0.0,79.598305,72,76561198049602148,Moon
-154.91289,0.0,-0.13860004,72,76561199068251294,prosto bo$$
144.14038,0.0,9.627456,72,76561198171814417,Faat
24.4579,0.0,1.5488039,72,76561199052717313,Worfy
-4.000061,0.0,0.0,73,76561199256543526,Wybaczam.oficjalnie skins.army
172.78522,0.0,-0.48114967,73,76561199826895670,RME | Пацан
-177.00005,0.0,0.0,73,76561198002613044,frees.tyler
106.99997,0.0,0.0,73,76561198274174345,zig
-129.99985,0.0,0.0,73,76561199433997570,Simple Dimple skins.army
23.99997,0.0,0.0,73,76561199557907229,shawty#)$@
55.548447,0.0,79.598305,73,76561198049602148,Moon
-154.91289,0.0,-0.13860004,73,76561199068251294,prosto bo$$
144.14038,0.0,9.627456,73,76561198171814417,Faat
112.00012,0.0,0.0,73,76561199052717313,Worfy
-4.000061,0.0,0.0,74,76561199256543526,Wybaczam.oficjalnie skins.army
172.78522,0.0,-0.48114967,74,76561199826895670,RME | Пацан
-177.00005,0.0,0.0,74,76561198002613044,frees.tyler
106.99997,0.0,0.0,74,76561198274174345,zig
-129.99985,0.0,0.0,74,76561199433997570,Simple Dimple skins.army
23.99997,0.0,0.0,74,76561199557907229,shawty#)$@
-177.00005,0.0,0.0,74,76561198049602148,Moon
-157.5,0.0,0.0,74,76561199068251294,prosto bo$$
-152.49985,0.0,0.0,74,76561198171814417,Faat
112.00012,0.0,0.0,74,76561199052717313,Worfy
-4.000061,0.0,0.0,75,76561199256543526,Wybaczam.oficjalnie skins.army
-67.5,0.0,0.0,75,76561199826895670,RME | Пацан
-177.00005,0.0,0.0,75,76561198002613044,frees.tyler
106.99997,0.0,0.0,75,76561198274174345,zig
-129.99985,0.0,0.0,75,76561199433997570,Simple Dimple skins.army
23.99997,0.0,0.0,75,76561199557907229,shawty#)$@
-177.00005,0.0,0.0,75,76561198049602148,Moon
-157.5,0.0,0.0,75,76561199068251294,prosto bo$$
-152.49985,0.0,0.0,75,76561198171814417,Faat
112.00012,0.0,0.0,75,76561199052717313,Worfy
-4.000061,0.0,0.0,76,76561199256543526,Wybaczam.oficjalnie skins.army
-67.5,0.0,0.0,76,76561199826895670,RME | Пацан
-177.00005,0.0,0.0,76,76561198002613044,frees.tyler
106.99997,0.0,0.0,76,76561198274174345,zig
-129.99985,0.0,0.0,76,76561199433997570,Simple Dimple skins.army
23.99997,0.0,0.0,76,76561199557907229,shawty#)$@
-177.00005,0.0,0.0,76,76561198049602148,Moon
-157.5,0.0,0.0,76,76561199068251294,prosto bo$$
-152.49985,0.0,0.0,76,76561198171814417,Faat
112.00012,0.0,0.0,76,76561199052717313,Worfy
-4.000061,0.0,0.0,77,76561199256543526,Wybaczam.oficjalnie skins.army
-67.5,0.0,0.0,77,76561199826895670,RME | Пацан
-177.00005,0.0,0.0,77,76561198002613044,frees.tyler
106.99997,0.0,0.0,77,76561198274174345,zig
-129.99985,0.0,0.0,77,76561199433997570,Simple Dimple skins.army
23.99997,0.0,0.0,77,76561199557907229,shawty#)$@
-177.00005,0.0,0.0,77,76561198049602148,Moon
-157.5,0.0,0.0,77,76561199068251294,prosto bo$$
-152.49985,0.0,0.0,77,76561198171814417,Faat
112.00012,0.0,0.0,77,76561199052717313,Worfy
-4.000061,0.0,0.0,78,76561199256543526,Wybaczam.oficjalnie skins.army
-67.5,0.0,0.0,78,76561199826895670,RME | Пацан
-177.00005,0.0,0.0,78,76561198002613044,frees.tyler
106.99997,0.0,0.0,78,76561198274174345,zig
-129.99985,0.0,0.0,78,76561199433997570,Simple Dimple skins.army
23.99997,0.0,0.0,78,76561199557907229,shawty#)$@
-177.00005,0.0,0.0,78,76561198049602148,Moon
-157.5,0.0,0.0,78,76561199068251294,prosto bo$$
-152.49985,0.0,0.0,78,76561198171814417,Faat
112.00012,0.0,0.0,78,76561199052717313,Worfy
-4.000061,0.0,0.0,79,76561199256543526,Wybaczam.oficjalnie skins.army
-67.5,0.0,0.0,79,76561199826895670,RME | Пацан
-177.00005,0.0,0.0,79,76561198002613044,frees.tyler
106.99997,0.0,0.0,79,76561198274174345,zig
-129.99985,0.0,0.0,79,76561199433997570,Simple Dimple skins.army
23.99997,0.0,0.0,79,76561199557907229,shawty#)$@
-177.00005,0.0,0.0,79,76561198049602148,Moon
-157.5,0.0,0.0,79,76561199068251294,prosto bo$$
-152.49985,0.0,0.0,79,76561198171814417,Faat
112.00012,0.0,0.0,79,76561199052717313,Worfy
-4.000061,0.0,0.0,80,76561199256543526,Wybaczam.oficjalnie skins.army
-67.5,0.0,0.0,80,76561199826895670,RME | Пацан
-177.00005,0.0,0.0,80,76561198002613044,frees.tyler
106.99997,0.0,0.0,80,76561198274174345,zig
-129.99985,0.0,0.0,80,76561199433997570,Simple Dimple skins.army
23.99997,0.0,0.0,80,76561199557907229,shawty#)$@
-177.00005,0.0,0.0,80,76561198049602148,Moon
-157.5,0.0,0.0,80,76561199068251294,prosto bo$$
-152.49985,0.0,0.0,80,76561198171814417,Faat
112.00012,0.0,0.0,80,76561199052717313,Worfy
-4.000061,0.0,0.0,81,76561199256543526,Wybaczam.oficjalnie skins.army
-67.5,0.0,0.0,81,76561199826895670,RME | Пацан
-177.00005,0.0,0.0,81,76561198002613044,frees.tyler
106.99997,0.0,0.0,81,76561198274174345,zig
-129.99985,0.0,0.0,81,76561199433997570,Simple Dimple skins.army
23.99997,0.0,0.0,81,76561199557907229,shawty#)$@
-177.00005,0.0,0.0,81,76561198049602148,Moon
-157.5,0.0,0.0,81,76561199068251294,prosto bo$$
-152.49985,0.0,0.0,81,76561198171814417,Faat
112.00012,0.0,0.0,81,76561199052717313,Worfy
-4.000061,0.0,0.0,82,76561199256543526,Wybaczam.oficjalnie skins.army
-67.5,0.0,0.0,82,76561199826895670,RME | Пацан
-177.00005,0.0,0.0,82,76561198002613044,frees.tyler
106.99997,0.0,0.0,82,76561198274174345,zig
-129.99985,0.0,0.0,82,76561199433997570,Simple Dimple skins.army
23.99997,0.0,0.0,82,76561199557907229,shawty#)$@
-177.00005,0.0,0.0,82,76561198049602148,Moon
-157.5,0.0,0.0,82,76561199068251294,prosto bo$$
-152.49985,0.0,0.0,82,76561198171814417,Faat
112.00012,0.0,0.0,82,76561199052717313,Worfy
-4.000061,0.0,0.0,83,76561199256543526,Wybaczam.oficjalnie skins.army
-67.5,0.0,0.0,83,76561199826895670,RME | Пацан
-177.00005,0.0,0.0,83,76561198002613044,frees.tyler
106.99997,0.0,0.0,83,76561198274174345,zig
-129.99985,0.0,0.0,83,76561199433997570,Simple Dimple skins.army
23.99997,0.0,0.0,83,76561199557907229,shawty#)$@
-177.00005,0.0,0.0,83,76561198049602148,Moon
-157.5,0.0,0.0,83,76561199068251294,prosto bo$$
-152.49985,0.0,0.0,83,76561198171814417,Faat
112.00012,0.0,0.0,83,76561199052717313,Worfy
-4.000061,0.0,0.0,84,76561199256543526,Wybaczam.oficjalnie skins.army
-67.5,0.0,0.0,84,76561199826895670,RME | Пацан
-177.00005,0.0,0.0,84,76561198002613044,frees.tyler
106.99997,0.0,0.0,84,76561198274174345,zig
-129.99985,0.0,0.0,84,76561199433997570,Simple Dimple skins.army
23.99997,0.0,0.0,84,76561199557907229,shawty#)$@
-177.00005,0.0,0.0,84,76561198049602148,Moon
-157.5,0.0,0.0,84,76561199068251294,prosto bo$$
-152.49985,0.0,0.0,84,76561198171814417,Faat
112.00012,0.0,0.0,84,76561199052717313,Worfy
-4.000061,0.0,0.0,85,76561199256543526,Wybaczam.oficjalnie skins.army
-67.5,0.0,0.0,85,76561199826895670,RME | Пацан
-177.00005,0.0,0.0,85,76561198002613044,frees.tyler
106.99997,0.0,0.0,85,76561198274174345,zig
-129.99985,0.0,0.0,85,76561199433997570,Simple Dimple skins.army
23.99997,0.0,0.0,85,76561199557907229,shawty#)$@
-177.00005,0.0,0.0,85,76561198049602148,Moon
-157.5,0.0,0.0,85,76561199068251294,prosto bo$$
-152.49985,0.0,0.0,85,76561198171814417,Faat
112.00012,0.0,0.0,85,76561199052717313,Worfy
-4.000061,0.0,0.0,86,76561199256543526,Wybaczam.oficjalnie skins.army
-67.5,0.0,0.0,86,76561199826895670,RME | Пацан
-177.00005,0.0,0.0,86,76561198002613044,frees.tyler
106.99997,0.0,0.0,86,76561198274174345,zig
-129.99985,0.0,0.0,86,76561199433997570,Simple Dimple skins.army
23.99997,0.0,0.0,86,76561199557907229,shawty#)$@
-177.00005,0.0,0.0,86,76561198049602148,Moon
-157.5,0.0,0.0,86,76561199068251294,prosto bo$$
-152.49985,0.0,0.0,86,76561198171814417,Faat
112.00012,0.0,0.0,86,76561199052717313,Worfy
-4.000061,0.0,0.0,87,76561199256543526,Wybaczam.oficjalnie skins.army
-67.5,0.0,0.0,87,76561199826895670,RME | Пацан
-177.00005,0.0,0.0,87,76561198002613044,frees.tyler
106.99997,0.0,0.0,87,76561198274174345,zig
-129.99985,0.0,0.0,87,76561199433997570,Simple Dimple skins.army
23.99997,0.0,0.0,87,76561199557907229,shawty#)$@
-177.00005,0.0,0.0,87,76561198049602148,Moon
-157.5,0.0,0.0,87,76561199068251294,prosto bo$$
-152.49985,0.0,0.0,87,76561198171814417,Faat
112.00012,0.0,0.0,87,76561199052717313,Worfy
-4.000061,0.0,0.0,88,76561199256543526,Wybaczam.oficjalnie skins.army
-67.5,0.0,0.0,88,76561199826895670,RME | Пацан
-177.00005,0.0,0.0,88,76561198002613044,frees.tyler
106.99997,0.0,0.0,88,76561198274174345,zig
-129.99985,0.0,0.0,88,76561199433997570,Simple Dimple skins.army
23.99997,0.0,0.0,88,76561199557907229,shawty#)$@
-177.00005,0.0,0.0,88,76561198049602148,Moon
-157.5,0.0,0.0,88,76561199068251294,prosto bo$$
-152.49985,0.0,0.0,88,76561198171814417,Faat
112.00012,0.0,0.0,88,76561199052717313,Worfy
-4.000061,0.0,0.0,89,76561199256543526,Wybaczam.oficjalnie skins.army
-67.5,0.0,0.0,89,76561199826895670,RME | Пацан
-177.00005,0.0,0.0,89,76561198002613044,frees.tyler
106.99997,0.0,0.0,89,76561198274174345,zig
-129.99985,0.0,0.0,89,76561199433997570,Simple Dimple skins.army
23.99997,0.0,0.0,89,76561199557907229,shawty#)$@
-177.00005,0.0,0.0,89,76561198049602148,Moon
-157.5,0.0,0.0,89,76561199068251294,prosto bo$$
-152.49985,0.0,0.0,89,76561198171814417,Faat
112.00012,0.0,0.0,89,76561199052717313,Worfy
-4.000061,0.0,0.0,90,76561199256543526,Wybaczam.oficjalnie skins.army
-67.5,0.0,0.0,90,76561199826895670,RME | Пацан
-177.00005,0.0,0.0,90,76561198002613044,frees.tyler
106.99997,0.0,0.0,90,76561198274174345,zig
-129.99985,0.0,0.0,90,76561199433997570,Simple Dimple skins.army
23.99997,0.0,0.0,90,76561199557907229,shawty#)$@
-177.00005,0.0,0.0,90,76561198049602148,Moon
-157.5,0.0,0.0,90,76561199068251294,prosto bo$$
-152.49985,0.0,0.0,90,76561198171814417,Faat
112.00012,0.0,0.0,90,76561199052717313,Worfy
-4.000061,0.0,0.0,91,76561199256543526,Wybaczam.oficjalnie skins.army
-67.5,0.0,0.0,91,76561199826895670,RME | Пацан
-177.00005,0.0,0.0,91,76561198002613044,frees.tyler
106.99997,0.0,0.0,91,76561198274174345,zig
-129.99985,0.0,0.0,91,76561199433997570,Simple Dimple skins.army
23.99997,0.0,0.0,91,76561199557907229,shawty#)$@
-177.00005,0.0,0.0,91,76561198049602148,Moon
-157.5,0.0,0.0,91,76561199068251294,prosto bo$$
-152.49985,0.0,0.0,91,76561198171814417,Faat
112.00012,0.0,0.0,91,76561199052717313,Worfy
-4.000061,0.0,0.0,92,76561199256543526,Wybaczam.oficjalnie skins.army
-67.5,0.0,0.0,92,76561199826895670,RME | Пацан
-177.00005,0.0,0.0,92,76561198002613044,frees.tyler
106.99997,0.0,0.0,92,76561198274174345,zig
-129.99985,0.0,0.0,92,76561199433997570,Simple Dimple skins.army
23.99997,0.0,0.0,92,76561199557907229,shawty#)$@
-177.00005,0.0,0.0,92,76561198049602148,Moon
-157.5,0.0,0.0,92,76561199068251294,prosto bo$$
-152.49985,0.0,0.0,92,76561198171814417,Faat
112.00012,0.0,0.0,92,76561199052717313,Worfy
-4.000061,0.0,0.0,93,76561199256543526,Wybaczam.oficjalnie skins.army
-67.5,0.0,0.0,93,76561199826895670,RME | Пацан
-177.00005,0.0,0.0,93,76561198002613044,frees.tyler
106.99997,0.0,0.0,93,76561198274174345,zig
-129.99985,0.0,0.0,93,76561199433997570,Simple Dimple skins.army
23.99997,0.0,0.0,93,76561199557907229,shawty#)$@
-177.00005,0.0,0.0,93,76561198049602148,Moon
-157.5,0.0,0.0,93,76561199068251294,prosto bo$$
-152.49985,0.0,0.0,93,76561198171814417,Faat
112.00012,0.0,0.0,93,76561199052717313,Worfy
-4.000061,0.0,0.0,94,76561199256543526,Wybaczam.oficjalnie skins.army
-67.5,0.0,0.0,94,76561199826895670,RME | Пацан
-177.00005,0.0,0.0,94,76561198002613044,frees.tyler
106.99997,0.0,0.0,94,76561198274174345,zig
-129.99985,0.0,0.0,94,76561199433997570,Simple Dimple skins.army
23.99997,0.0,0.0,94,76561199557907229,shawty#)$@
-177.00005,0.0,0.0,94,76561198049602148,Moon
-157.5,0.0,0.0,94,76561199068251294,prosto bo$$
-152.49985,0.0,0.0,94,76561198171814417,Faat
112.00012,0.0,0.0,94,76561199052717313,Worfy
-4.000061,0.0,0.0,95,76561199256543526,Wybaczam.oficjalnie skins.army
-67.5,0.0,0.0,95,76561199826895670,RME | Пацан
-177.00005,0.0,0.0,95,76561198002613044,frees.tyler
106.99997,0.0,0.0,95,76561198274174345,zig
-129.99985,0.0,0.0,95,76561199433997570,Simple Dimple skins.army
23.99997,0.0,0.0,95,76561199557907229,shawty#)$@
-177.00005,0.0,0.0,95,76561198049602148,Moon
-157.5,0.0,0.0,95,76561199068251294,prosto bo$$
-152.49985,0.0,0.0,95,76561198171814417,Faat
112.00012,0.0,0.0,95,76561199052717313,Worfy
-4.000061,0.0,0.0,96,76561199256543526,Wybaczam.oficjalnie skins.army
-67.5,0.0,0.0,96,76561199826895670,RME | Пацан
-177.00005,0.0,0.0,96,76561198002613044,frees.tyler
106.99997,0.0,0.0,96,76561198274174345,zig
-129.99985,0.0,0.0,96,76561199433997570,Simple Dimple skins.army
23.99997,0.0,0.0,96,76561199557907229,shawty#)$@
-177.00005,0.0,0.0,96,76561198049602148,Moon
-157.5,0.0,0.0,96,76561199068251294,prosto bo$$
-152.49985,0.0,0.0,96,76561198171814417,Faat
112.00012,0.0,0.0,96,76561199052717313,Worfy
-4.000061,0.0,0.0,97,76561199256543526,Wybaczam.oficjalnie skins.army
-67.5,0.0,0.0,97,76561199826895670,RME | Пацан
-177.00005,0.0,0.0,97,76561198002613044,frees.tyler
106.99997,0.0,0.0,97,76561198274174345,zig
-129.99985,0.0,0.0,97,76561199433997570,Simple Dimple skins.army
23.99997,0.0,0.0,97,76561199557907229,shawty#)$@
-177.00005,0.0,0.0,97,76561198049602148,Moon
-157.5,0.0,0.0,97,76561199068251294,prosto bo$$
-152.49985,0.0,0.0,97,76561198171814417,Faat
112.00012,0.0,0.0,97,76561199052717313,Worfy
-4.000061,0.0,0.0,98,76561199256543526,Wybaczam.oficjalnie skins.army
-67.5,0.0,0.0,98,76561199826895670,RME | Пацан
-177.00005,0.0,0.0,98,76561198002613044,frees.tyler
106.99997,0.0,0.0,98,76561198274174345,zig
-129.99985,0.0,0.0,98,76561199433997570,Simple Dimple skins.army
23.99997,0.0,0.0,98,76561199557907229,shawty#)$@
-177.00005,0.0,0.0,98,76561198049602148,Moon
-157.5,0.0,0.0,98,76561199068251294,prosto bo$$
-152.49985,0.0,0.0,98,76561198171814417,Faat
112.00012,0.0,0.0,98,76561199052717313,Worfy
-4.000061,0.0,0.0,99,76561199256543526,Wybaczam.oficjalnie skins.army
-67.5,0.0,0.0,99,76561199826895670,RME | Пацан
-177.00005,0.0,0.0,99,76561198002613044,frees.tyler
106.99997,0.0,0.0,99,76561198274174345,zig
-129.99985,0.0,0.0,99,76561199433997570,Simple Dimple skins.army
23.99997,0.0,0.0,99,76561199557907229,shawty#)$@
-177.00005,0.0,0.0,99,76561198049602148,Moon
-157.5,0.0,0.0,99,76561199068251294,prosto bo$$
-152.49985,0.0,0.0,99,76561198171814417,Faat
112.00012,0.0,0.0,99,76561199052717313,Worfy
-4.000061,0.0,0.0,100,76561199256543526,Wybaczam.oficjalnie skins.army
-67.5,0.0,0.0,100,76561199826895670,RME | Пацан
-177.00005,0.0,0.0,100,76561198002613044,frees.tyler
106.99997,0.0,0.0,100,76561198274174345,zig
-129.99985,0.0,0.0,100,76561199433997570,Simple Dimple skins.army
23.99997,0.0,0.0,100,76561199557907229,shawty#)$@
-177.00005,0.0,0.0,100,76561198049602148,Moon
-157.5,0.0,0.0,100,76561199068251294,prosto bo$$
-152.49985,0.0,0.0,100,76561198171814417,Faat
112.00012,0.0,0.0,100,76561199052717313,Worfy
-4.000061,0.0,0.0,101,76561199256543526,Wybaczam.oficjalnie skins.army
-67.5,0.0,0.0,101,76561199826895670,RME | Пацан
-177.00005,0.0,0.0,101,76561198002613044,frees.tyler
106.99997,0.0,0.0,101,76561198274174345,zig
-129.99985,0.0,0.0,101,76561199433997570,Simple Dimple skins.army
23.99997,0.0,0.0,101,76561199557907229,shawty#)$@
-177.00005,0.0,0.0,101,76561198049602148,Moon
-157.5,0.0,0.0,101,76561199068251294,prosto bo$$
-152.49985,0.0,0.0,101,76561198171814417,Faat
112.00012,0.0,0.0,101,76561199052717313,Worfy
