armor,attacker_name,attacker_steamid,dmg_armor,dmg_health,health,hitgroup,tick,user_name,user_steamid,weapon
0,prosto bo$$,76561199068251294,0,2,98,generic,2494,Moon,76561198049602148,inferno
0,Simple Dimple skins.army,76561199433997570,0,29,71,chest,2587,Faat,76561198171814417,hkp2000
0,Faat,76561198171814417,0,22,78,chest,2623,Simple Dimple skins.army,76561199433997570,glock
0,Simple Dimple skins.army,76561199433997570,0,118,0,head,2639,Faat,76561198171814417,hkp2000
0,Simple Dimple skins.army,76561199433997570,0,31,69,chest,2733,Worfy,76561199052717313,hkp2000
0,prosto bo$$,76561199068251294,0,28,41,chest,2765,Worfy,76561199052717313,hkp2000
0,Simple Dimple skins.army,76561199433997570,0,31,10,right_arm,2771,Worfy,76561199052717313,hkp2000
0,Simple Dimple skins.army,76561199433997570,0,28,70,chest,2847,Moon,76561198049602148,hkp2000
0,zig,76561198274174345,0,13,87,right_leg,2874,prosto bo$$,76561199068251294,glock
92,prosto bo$$,76561199068251294,8,16,84,stomach,2878,zig,76561198274174345,hkp2000
0,Worfy,76561199052717313,0,20,66,chest,2892,prosto bo$$,76561199068251294,glock
0,zig,76561198274174345,0,18,48,chest,2904,prosto bo$$,76561199068251294,glock
0,zig,76561198274174345,0,14,34,left_leg,2937,prosto bo$$,76561199068251294,glock
0,zig,76561198274174345,0,75,0,head,2952,prosto bo$$,76561199068251294,glock
76,frees.tyler,76561198002613044,24,37,63,generic,3265,Wybaczam.oficjalnie skins.army,76561199256543526,hegrenade
0,Moon,76561198049602148,0,56,44,head,3307,shawty#)$@,76561199557907229,glock
0,zig,76561198274174345,0,15,29,chest,3585,shawty#)$@,76561199557907229,glock
0,frees.tyler,76561198002613044,0,78,0,head,3648,Simple Dimple skins.army,76561199433997570,glock
0,frees.tyler,76561198002613044,0,23,5,chest,5717,shawty#)$@,76561199557907229,glock
0,shawty#)$@,76561199557907229,0,40,60,stomach,5728,frees.tyler,76561198002613044,p250
0,frees.tyler,76561198002613044,0,23,0,chest,5758,shawty#)$@,76561199557907229,glock
0,frees.tyler,76561198002613044,0,25,75,chest,5861,RME | Пацан,76561199826895670,glock
0,RME | Пацан,76561199826895670,0,32,28,chest,5872,frees.tyler,76561198002613044,hkp2000
0,RME | Пацан,76561199826895670,0,32,0,chest,5883,frees.tyler,76561198002613044,hkp2000
0,Moon,76561198049602148,0,28,46,chest,6325,RME | Пацан,76561199826895670,glock
0,RME | Пацан,76561199826895670,0,136,0,head,6329,Moon,76561198049602148,hkp2000
0,RME | Пацан,76561199826895670,0,31,0,right_arm,6463,Worfy,76561199052717313,hkp2000
82,Wybaczam.oficjalnie skins.army,76561199256543526,10,21,62,stomach,6929,zig,76561198274174345,hkp2000
67,zig,76561198274174345,9,17,46,stomach,6936,Wybaczam.oficjalnie skins.army,76561199256543526,glock
74,Wybaczam.oficjalnie skins.army,76561199256543526,8,17,45,chest,6940,zig,76561198274174345,hkp2000
60,zig,76561198274174345,7,13,32,chest,6947,Wybaczam.oficjalnie skins.army,76561199256543526,glock
66,Wybaczam.oficjalnie skins.army,76561199256543526,8,17,28,chest,6962,zig,76561198274174345,hkp2000
60,zig,76561198274174345,0,116,0,head,6970,Wybaczam.oficjalnie skins.army,76561199256543526,glock
59,RME | Пацан,76561199826895670,7,14,13,chest,6997,zig,76561198274174345,hkp2000
52,RME | Пацан,76561199826895670,7,14,0,chest,7031,zig,76561198274174345,hkp2000
100,Worfy,76561199052717313,0,22,78,left_arm,10136,prosto bo$$,76561199068251294,deagle
77,Faat,76561198171814417,23,267,0,head,10188,Wybaczam.oficjalnie skins.army,76561199256543526,ssg08
99,RME | Пацан,76561199826895670,1,43,57,chest,11102,Moon,76561198049602148,deagle
95,Moon,76561198049602148,5,16,84,chest,11108,RME | Пацан,76561199826895670,mp7
90,Moon,76561198049602148,5,16,67,chest,11113,RME | Пацан,76561199826895670,mp7
85,Moon,76561198049602148,5,16,50,chest,11118,RME | Пацан,76561199826895670,mp7
80,Moon,76561198049602148,5,16,34,chest,11128,RME | Пацан,76561199826895670,mp7
74,Moon,76561198049602148,6,20,13,stomach,11133,RME | Пацан,76561199826895670,mp7
69,Moon,76561198049602148,5,16,0,chest,11139,RME | Пацан,76561199826895670,mp7
100,frees.tyler,76561198002613044,0,0,100,generic,11268,zig,76561198274174345,hegrenade
95,Simple Dimple skins.army,76561199433997570,5,24,76,chest,11429,zig,76561198274174345,m4a1
90,Simple Dimple skins.army,76561199433997570,5,24,52,chest,11442,zig,76561198274174345,m4a1
84,Simple Dimple skins.army,76561199433997570,6,30,22,stomach,11449,zig,76561198274174345,m4a1
84,Simple Dimple skins.army,76561199433997570,0,119,0,head,11468,zig,76561198274174345,m4a1
0,Simple Dimple skins.army,76561199433997570,0,120,0,head,11578,Worfy,76561199052717313,m4a1
84,Simple Dimple skins.army,76561199433997570,16,76,24,head,12665,Faat,76561198171814417,m4a1
94,Faat,76561198171814417,6,70,30,chest,12670,Simple Dimple skins.army,76561199433997570,ssg08
89,Moon,76561198049602148,5,16,13,chest,14264,Simple Dimple skins.army,76561199433997570,mp7
83,Moon,76561198049602148,6,20,0,stomach,14279,Simple Dimple skins.army,76561199433997570,mp7
81,prosto bo$$,76561199068251294,18,87,0,head,14423,Moon,76561198049602148,m4a1
77,frees.tyler,76561198002613044,23,62,38,head,14700,shawty#)$@,76561199557907229,mac10
95,shawty#)$@,76561199557907229,5,15,85,right_arm,14718,frees.tyler,76561198002613044,mp9
77,frees.tyler,76561198002613044,0,20,17,right_leg,14719,shawty#)$@,76561199557907229,mac10
72,frees.tyler,76561198002613044,5,15,1,chest,14724,shawty#)$@,76561199557907229,mac10
90,shawty#)$@,76561199557907229,5,15,70,left_arm,14727,frees.tyler,76561198002613044,mp9
72,frees.tyler,76561198002613044,0,20,0,left_leg,14739,shawty#)$@,76561199557907229,mac10
96,frees.tyler,76561198002613044,4,13,65,right_arm,14935,prosto bo$$,76561199068251294,mp9
92,frees.tyler,76561198002613044,4,13,52,chest,14944,prosto bo$$,76561199068251294,mp9
86,Faat,76561198171814417,6,73,0,chest,14953,prosto bo$$,76561199068251294,ssg08
99,RME | Пацан,76561199826895670,1,13,87,generic,16682,shawty#)$@,76561199557907229,knife
94,RME | Пацан,76561199826895670,6,29,71,stomach,17339,zig,76561198274174345,m4a1
100,zig,76561198274174345,0,21,79,right_leg,17343,RME | Пацан,76561199826895670,galilar
89,RME | Пацан,76561199826895670,5,23,47,chest,17345,zig,76561198274174345,m4a1
84,RME | Пацан,76561199826895670,5,23,24,chest,17352,zig,76561198274174345,m4a1
79,RME | Пацан,76561199826895670,5,23,0,chest,17358,zig,76561198274174345,m4a1
96,frees.tyler,76561198002613044,4,14,86,chest,17544,Wybaczam.oficjalnie skins.army,76561199256543526,mp9
92,frees.tyler,76561198002613044,4,14,71,left_arm,17549,Wybaczam.oficjalnie skins.army,76561199256543526,mp9
88,frees.tyler,76561198002613044,4,14,57,chest,17553,Wybaczam.oficjalnie skins.army,76561199256543526,mp9
84,frees.tyler,76561198002613044,4,14,42,chest,17558,Wybaczam.oficjalnie skins.army,76561199256543526,mp9
78,frees.tyler,76561198002613044,6,18,23,stomach,17625,Wybaczam.oficjalnie skins.army,76561199256543526,mp9
72,frees.tyler,76561198002613044,6,18,5,stomach,17629,Wybaczam.oficjalnie skins.army,76561199256543526,mp9
66,frees.tyler,76561198002613044,6,18,0,stomach,17634,Wybaczam.oficjalnie skins.army,76561199256543526,mp9
96,Worfy,76561199052717313,3,27,60,chest,18057,shawty#)$@,76561199557907229,ak47
93,Worfy,76561199052717313,3,27,32,chest,18064,shawty#)$@,76561199557907229,ak47
95,Moon,76561198049602148,5,26,74,right_arm,18068,Simple Dimple skins.army,76561199433997570,m4a1
89,Worfy,76561199052717313,4,34,0,stomach,18070,shawty#)$@,76561199557907229,ak47
90,Moon,76561198049602148,5,26,48,chest,18074,Simple Dimple skins.army,76561199433997570,m4a1
85,Moon,76561198049602148,5,26,22,chest,18081,Simple Dimple skins.army,76561199433997570,m4a1
80,Moon,76561198049602148,5,26,0,chest,18100,Simple Dimple skins.army,76561199433997570,m4a1
97,frees.tyler,76561198002613044,3,11,89,chest,20280,prosto bo$$,76561199068251294,mp9
86,prosto bo$$,76561199068251294,4,131,0,head,20296,frees.tyler,76561198002613044,deagle
84,prosto bo$$,76561199068251294,0,7,93,chest,20731,Faat,76561198171814417,deagle
97,Worfy,76561199052717313,3,26,52,right_arm,21073,RME | Пацан,76561199826895670,ak47
84,prosto bo$$,76561199068251294,0,17,75,chest,21520,Faat,76561198171814417,deagle
91,Faat,76561198171814417,6,71,18,chest,21622,prosto bo$$,76561199068251294,ssg08
94,RME | Пацан,76561199826895670,6,30,70,stomach,22135,Moon,76561198049602148,m4a1
88,RME | Пацан,76561199826895670,6,30,40,stomach,22141,Moon,76561198049602148,m4a1
97,Moon,76561198049602148,0,119,0,head,22148,RME | Пацан,76561199826895670,m4a1
87,Moon,76561198049602148,4,20,0,chest,22425,prosto bo$$,76561199068251294,m4a1
95,prosto bo$$,76561199068251294,5,18,82,stomach,24739,frees.tyler,76561198002613044,mp7
90,prosto bo$$,76561199068251294,5,18,63,stomach,24759,frees.tyler,76561198002613044,mp7
100,frees.tyler,76561198002613044,0,21,79,left_leg,24764,prosto bo$$,76561199068251294,galilar
83,prosto bo$$,76561199068251294,5,19,81,stomach,24764,Moon,76561198049602148,mp7
96,frees.tyler,76561198002613044,4,28,51,stomach,24769,prosto bo$$,76561199068251294,galilar
79,prosto bo$$,76561199068251294,4,15,66,chest,24769,Moon,76561198049602148,mp7
92,frees.tyler,76561198002613044,4,28,22,stomach,24775,prosto bo$$,76561199068251294,galilar
86,prosto bo$$,76561199068251294,4,15,48,chest,24775,frees.tyler,76561198002613044,mp7
81,prosto bo$$,76561199068251294,5,18,29,stomach,24780,frees.tyler,76561198002613044,mp7
77,prosto bo$$,76561199068251294,4,15,14,chest,24785,frees.tyler,76561198002613044,mp7
74,RME | Пацан,76561199826895670,5,27,39,stomach,24787,Moon,76561198049602148,m4a1
74,RME | Пацан,76561199826895670,0,23,15,left_leg,24793,Moon,76561198049602148,m4a1
69,prosto bo$$,76561199068251294,5,19,0,stomach,24800,Moon,76561198049602148,mp7
88,frees.tyler,76561198002613044,4,28,0,stomach,24850,prosto bo$$,76561199068251294,galilar
73,RME | Пацан,76561199826895670,4,21,0,chest,24874,frees.tyler,76561198002613044,m4a1
82,Simple Dimple skins.army,76561199433997570,2,63,37,head,25465,Faat,76561198171814417,deagle
0,Faat,76561198171814417,0,86,14,chest,25480,Simple Dimple skins.army,76561199433997570,ssg08
100,RME | Пацан,76561199826895670,0,1,99,generic,25800,zig,76561198274174345,smokegrenade
96,RME | Пацан,76561199826895670,4,22,77,chest,25851,zig,76561198274174345,m4a1
97,zig,76561198274174345,3,27,73,chest,25866,RME | Пацан,76561199826895670,ak47
94,zig,76561198274174345,3,27,46,chest,25872,RME | Пацан,76561199826895670,ak47
94,zig,76561198274174345,0,141,0,head,25878,RME | Пацан,76561199826895670,ak47
94,Faat,76561198171814417,6,69,31,chest,26170,shawty#)$@,76561199557907229,ssg08
75,Faat,76561198171814417,25,289,0,head,26806,Wybaczam.oficjalnie skins.army,76561199256543526,ssg08
88,Faat,76561198171814417,6,68,0,chest,27614,shawty#)$@,76561199557907229,ssg08
0,Faat,76561198171814417,0,83,0,chest,28854,Simple Dimple skins.army,76561199433997570,ssg08
96,Faat,76561198171814417,4,48,52,right_arm,31325,prosto bo$$,76561199068251294,ssg08
79,prosto bo$$,76561199068251294,3,43,57,chest,31336,Faat,76561198171814417,ssg08
96,Wybaczam.oficjalnie skins.army,76561199256543526,4,12,88,chest,31451,frees.tyler,76561198002613044,mp9
92,Wybaczam.oficjalnie skins.army,76561199256543526,4,12,75,chest,31460,frees.tyler,76561198002613044,mp9
88,Wybaczam.oficjalnie skins.army,76561199256543526,4,12,62,chest,31464,frees.tyler,76561198002613044,mp9
78,Simple Dimple skins.army,76561199433997570,18,87,13,head,31567,zig,76561198274174345,m4a1
74,Simple Dimple skins.army,76561199433997570,4,21,0,chest,31592,zig,76561198274174345,m4a1
74,prosto bo$$,76561199068251294,5,66,0,chest,31642,Faat,76561198171814417,ssg08
97,frees.tyler,76561198002613044,3,27,73,chest,31694,Simple Dimple skins.army,76561199433997570,ak47
94,frees.tyler,76561198002613044,3,27,46,chest,31701,Simple Dimple skins.army,76561199433997570,ak47
91,frees.tyler,76561198002613044,3,27,19,chest,31720,Simple Dimple skins.army,76561199433997570,ak47
83,Simple Dimple skins.army,76561199433997570,5,27,35,stomach,31808,frees.tyler,76561198002613044,m4a1
83,Simple Dimple skins.army,76561199433997570,0,23,11,right_leg,31813,frees.tyler,76561198002613044,m4a1
79,Simple Dimple skins.army,76561199433997570,4,22,0,chest,31819,frees.tyler,76561198002613044,m4a1
100,Simple Dimple skins.army,76561199433997570,0,0,100,generic,32260,Moon,76561198049602148,hegrenade
0,Moon,76561198049602148,0,3,97,generic,32340,shawty#)$@,76561199557907229,hegrenade
82,Simple Dimple skins.army,76561199433997570,18,86,13,head,32357,Moon,76561198049602148,m4a1
76,Moon,76561198049602148,15,107,0,head,32365,Simple Dimple skins.army,76561199433997570,ak47
75,shawty#)$@,76561199557907229,7,15,0,chest,32475,Moon,76561198049602148,hkp2000
93,shawty#)$@,76561199557907229,7,15,85,chest,32576,Worfy,76561199052717313,hkp2000
0,Worfy,76561199052717313,0,43,54,stomach,32589,shawty#)$@,76561199557907229,ak47
0,Worfy,76561199052717313,0,43,10,stomach,32595,shawty#)$@,76561199557907229,ak47
86,shawty#)$@,76561199557907229,7,15,69,chest,32635,Worfy,76561199052717313,hkp2000
80,shawty#)$@,76561199557907229,6,13,56,stomach,32646,Worfy,76561199052717313,hkp2000
74,prosto bo$$,76561199068251294,6,72,0,chest,33527,Worfy,76561199052717313,ssg08
94,Wybaczam.oficjalnie skins.army,76561199256543526,6,31,69,stomach,36108,zig,76561198274174345,m4a1
97,zig,76561198274174345,3,27,73,chest,36114,Wybaczam.oficjalnie skins.army,76561199256543526,ak47
89,Wybaczam.oficjalnie skins.army,76561199256543526,5,25,43,chest,36115,zig,76561198274174345,m4a1
84,Wybaczam.oficjalnie skins.army,76561199256543526,5,25,17,chest,36121,zig,76561198274174345,m4a1
79,Wybaczam.oficjalnie skins.army,76561199256543526,5,25,0,chest,36127,zig,76561198274174345,m4a1
97,Moon,76561198049602148,3,26,74,right_arm,36245,Simple Dimple skins.army,76561199433997570,ak47
97,Simple Dimple skins.army,76561199433997570,3,27,73,chest,37293,Worfy,76561199052717313,ak47
93,Simple Dimple skins.army,76561199433997570,4,34,39,stomach,37300,Worfy,76561199052717313,ak47
90,Simple Dimple skins.army,76561199433997570,3,27,11,chest,37306,Worfy,76561199052717313,ak47
87,Simple Dimple skins.army,76561199433997570,3,27,0,chest,37312,Worfy,76561199052717313,ak47
98,Wybaczam.oficjalnie skins.army,76561199256543526,2,3,97,generic,37343,frees.tyler,76561198002613044,hegrenade
94,Simple Dimple skins.army,76561199433997570,4,27,70,chest,37483,frees.tyler,76561198002613044,ak47
89,Simple Dimple skins.army,76561199433997570,5,34,35,stomach,37501,frees.tyler,76561198002613044,ak47
92,frees.tyler,76561198002613044,5,34,39,stomach,37503,Simple Dimple skins.army,76561199433997570,ak47
85,Simple Dimple skins.army,76561199433997570,4,27,7,right_arm,37508,frees.tyler,76561198002613044,ak47
87,frees.tyler,76561198002613044,5,34,5,stomach,37509,Simple Dimple skins.army,76561199433997570,ak47
81,Simple Dimple skins.army,76561199433997570,4,27,0,chest,37514,frees.tyler,76561198002613044,ak47
82,Moon,76561198049602148,15,109,0,head,38262,Wybaczam.oficjalnie skins.army,76561199256543526,ak47
100,RME | Пацан,76561199826895670,0,26,74,right_leg,38381,Moon,76561198049602148,ak47
100,RME | Пацан,76561199826895670,0,26,48,left_leg,38387,Moon,76561198049602148,ak47
97,RME | Пацан,76561199826895670,3,26,22,chest,38393,Moon,76561198049602148,ak47
82,RME | Пацан,76561199826895670,15,107,0,head,38413,Moon,76561198049602148,ak47
100,Faat,76561198171814417,0,69,31,chest,39285,RME | Пацан,76561199826895670,awp
96,RME | Пацан,76561199826895670,4,33,67,stomach,39487,Faat,76561198171814417,ak47
93,RME | Пацан,76561199826895670,3,26,40,chest,39628,Faat,76561198171814417,ak47
89,RME | Пацан,76561199826895670,4,33,7,stomach,39634,Faat,76561198171814417,ak47
86,RME | Пацан,76561199826895670,3,26,0,chest,39665,Faat,76561198171814417,ak47
0,RME | Пацан,76561199826895670,0,112,0,chest,42077,Moon,76561198049602148,awp
100,Moon,76561198049602148,0,1,99,generic,42077,shawty#)$@,76561199557907229,flashbang
85,Simple Dimple skins.army,76561199433997570,15,109,0,head,42232,frees.tyler,76561198002613044,ak47
95,Faat,76561198171814417,5,16,84,right_arm,42445,Wybaczam.oficjalnie skins.army,76561199256543526,mp7
94,Wybaczam.oficjalnie skins.army,76561199256543526,6,28,72,stomach,42446,Faat,76561198171814417,m4a1
90,Faat,76561198171814417,5,16,67,chest,42450,Wybaczam.oficjalnie skins.army,76561199256543526,mp7
88,Wybaczam.oficjalnie skins.army,76561199256543526,6,28,44,stomach,42452,Faat,76561198171814417,m4a1
85,Faat,76561198171814417,5,16,50,chest,42461,Wybaczam.oficjalnie skins.army,76561199256543526,mp7
84,Wybaczam.oficjalnie skins.army,76561199256543526,4,22,22,chest,42463,Faat,76561198171814417,m4a1
80,Faat,76561198171814417,5,16,33,chest,42466,Wybaczam.oficjalnie skins.army,76561199256543526,mp7
80,Wybaczam.oficjalnie skins.army,76561199256543526,4,22,0,chest,42469,Faat,76561198171814417,m4a1
75,Worfy,76561199052717313,5,14,19,chest,42541,Wybaczam.oficjalnie skins.army,76561199256543526,mac10
70,Worfy,76561199052717313,5,14,4,right_arm,42551,Wybaczam.oficjalnie skins.army,76561199256543526,mac10
65,Worfy,76561199052717313,5,14,0,right_arm,42565,Wybaczam.oficjalnie skins.army,76561199256543526,mac10
87,zig,76561198274174345,0,17,83,left_leg,42730,Simple Dimple skins.army,76561199433997570,mac10
96,Simple Dimple skins.army,76561199433997570,4,34,66,stomach,42733,zig,76561198274174345,ak47
81,zig,76561198274174345,6,16,66,stomach,42739,Simple Dimple skins.army,76561199433997570,mac10
75,zig,76561198274174345,6,16,49,stomach,42744,Simple Dimple skins.army,76561199433997570,mac10
70,zig,76561198274174345,5,13,36,chest,42749,Simple Dimple skins.army,76561199433997570,mac10
93,Simple Dimple skins.army,76561199433997570,3,27,39,chest,42752,zig,76561198274174345,ak47
65,zig,76561198274174345,5,13,22,chest,42754,Simple Dimple skins.army,76561199433997570,mac10
60,zig,76561198274174345,5,13,8,chest,42758,Simple Dimple skins.army,76561199433997570,mac10
55,zig,76561198274174345,5,13,0,right_arm,42768,Simple Dimple skins.army,76561199433997570,mac10
84,Worfy,76561199052717313,16,45,54,head,43405,shawty#)$@,76561199557907229,mac10
100,zig,76561198274174345,0,23,77,left_leg,43546,prosto bo$$,76561199068251294,m4a1
100,zig,76561198274174345,0,23,53,left_leg,43552,prosto bo$$,76561199068251294,m4a1
95,zig,76561198274174345,5,27,25,stomach,43558,prosto bo$$,76561199068251294,m4a1
90,zig,76561198274174345,5,27,0,stomach,43575,prosto bo$$,76561199068251294,m4a1
83,Worfy,76561199052717313,1,2,51,generic,43712,shawty#)$@,76561199557907229,hegrenade
0,,,0,12,88,generic,44380,Worfy,76561199052717313,
83,shawty#)$@,76561199557907229,0,8,43,generic,46759,shawty#)$@,76561199557907229,inferno
83,shawty#)$@,76561199557907229,0,8,35,generic,46772,shawty#)$@,76561199557907229,inferno
83,shawty#)$@,76561199557907229,0,8,27,generic,46784,shawty#)$@,76561199557907229,inferno
83,shawty#)$@,76561199557907229,0,8,19,generic,46797,shawty#)$@,76561199557907229,inferno
83,shawty#)$@,76561199557907229,0,8,11,generic,46810,shawty#)$@,76561199557907229,inferno
82,zig,76561198274174345,1,5,6,chest,47299,shawty#)$@,76561199557907229,m4a1
95,Worfy,76561199052717313,5,14,86,chest,47301,RME | Пацан,76561199826895670,mac10
79,zig,76561198274174345,3,15,0,right_arm,47342,shawty#)$@,76561199557907229,m4a1
0,,,95,572,0,generic,47576,RME | Пацан,76561199826895670,
0,,,0,310,0,generic,47576,Worfy,76561199052717313,
85,,,8,8,31,generic,47576,zig,76561198274174345,
99,Wybaczam.oficjalnie skins.army,76561199256543526,1,35,65,chest,49840,frees.tyler,76561198002613044,deagle
95,Faat,76561198171814417,5,66,34,chest,49914,prosto bo$$,76561199068251294,ssg08
91,frees.tyler,76561198002613044,9,13,87,generic,49932,Wybaczam.oficjalnie skins.army,76561199256543526,hegrenade
99,Wybaczam.oficjalnie skins.army,76561199256543526,0,0,64,generic,50134,frees.tyler,76561198002613044,hegrenade
74,frees.tyler,76561198002613044,17,47,40,head,50319,Wybaczam.oficjalnie skins.army,76561199256543526,mac10
70,frees.tyler,76561198002613044,4,11,28,right_arm,50324,Wybaczam.oficjalnie skins.army,76561199256543526,mac10
65,frees.tyler,76561198002613044,5,14,13,stomach,50343,Wybaczam.oficjalnie skins.army,76561199256543526,mac10
61,frees.tyler,76561198002613044,4,11,2,chest,50348,Wybaczam.oficjalnie skins.army,76561199256543526,mac10
45,frees.tyler,76561198002613044,16,45,0,head,50726,Wybaczam.oficjalnie skins.army,76561199256543526,mac10
0,frees.tyler,76561198002613044,0,1,99,generic,51478,Simple Dimple skins.army,76561199433997570,inferno
0,frees.tyler,76561198002613044,0,2,96,generic,51491,Simple Dimple skins.army,76561199433997570,inferno
0,zig,76561198274174345,0,9,87,generic,51499,Simple Dimple skins.army,76561199433997570,hegrenade
0,frees.tyler,76561198002613044,0,3,84,generic,51504,Simple Dimple skins.army,76561199433997570,inferno
100,RME | Пацан,76561199826895670,0,1,99,generic,51681,Moon,76561198049602148,molotov
99,RME | Пацан,76561199826895670,1,36,62,chest,51694,Moon,76561198049602148,deagle
100,Moon,76561198049602148,0,75,25,head,51720,RME | Пацан,76561199826895670,ak47
99,RME | Пацан,76561199826895670,0,1,61,generic,51754,Moon,76561198049602148,inferno
99,RME | Пацан,76561199826895670,0,2,58,generic,51767,Moon,76561198049602148,inferno
99,RME | Пацан,76561199826895670,0,3,55,generic,51780,Moon,76561198049602148,inferno
98,RME | Пацан,76561199826895670,1,39,15,stomach,51838,Moon,76561198049602148,deagle
97,prosto bo$$,76561199068251294,1,137,0,stomach,51892,Moon,76561198049602148,awp
98,Simple Dimple skins.army,76561199433997570,1,110,0,chest,52379,frees.tyler,76561198002613044,awp
0,zig,76561198274174345,0,31,52,chest,52700,Simple Dimple skins.army,76561199433997570,m4a1
0,Faat,76561198171814417,0,83,0,chest,52727,Simple Dimple skins.army,76561199433997570,ssg08
95,shawty#)$@,76561199557907229,5,17,83,stomach,53555,Worfy,76561199052717313,mp9
95,shawty#)$@,76561199557907229,0,94,0,head,53560,Worfy,76561199052717313,mp9
96,shawty#)$@,76561199557907229,4,14,86,chest,54173,zig,76561198274174345,mp9
92,shawty#)$@,76561199557907229,4,14,72,chest,54182,zig,76561198274174345,mp9
87,shawty#)$@,76561199557907229,5,17,55,stomach,54186,zig,76561198274174345,mp9
69,shawty#)$@,76561199557907229,18,56,0,head,54191,zig,76561198274174345,mp9
76,Faat,76561198171814417,24,277,0,head,54577,shawty#)$@,76561199557907229,ssg08
99,prosto bo$$,76561199068251294,1,107,0,chest,55764,Faat,76561198171814417,awp
99,prosto bo$$,76561199068251294,1,105,0,right_arm,57734,Faat,76561198171814417,awp
95,RME | Пацан,76561199826895670,5,428,0,head,58439,zig,76561198274174345,awp
99,prosto bo$$,76561199068251294,1,109,0,chest,58467,Moon,76561198049602148,awp
65,frees.tyler,76561198002613044,35,53,47,generic,58664,prosto bo$$,76561199068251294,hegrenade
99,prosto bo$$,76561199068251294,1,109,0,chest,58690,frees.tyler,76561198002613044,awp
94,Worfy,76561199052717313,6,171,0,head,59297,Simple Dimple skins.army,76561199433997570,deagle
95,Worfy,76561199052717313,5,25,75,right_arm,61363,shawty#)$@,76561199557907229,m4a1
90,Worfy,76561199052717313,5,25,50,chest,61370,shawty#)$@,76561199557907229,m4a1
0,shawty#)$@,76561199557907229,0,10,90,left_arm,61429,Worfy,76561199052717313,ak47
0,shawty#)$@,76561199557907229,0,10,79,right_leg,61448,Worfy,76561199052717313,ak47
0,shawty#)$@,76561199557907229,0,58,20,head,61461,Worfy,76561199052717313,ak47
0,shawty#)$@,76561199557907229,0,10,9,right_leg,61486,Worfy,76561199052717313,ak47
0,shawty#)$@,76561199557907229,0,18,0,stomach,61493,Worfy,76561199052717313,ak47
90,RME | Пацан,76561199826895670,0,46,4,stomach,61875,shawty#)$@,76561199557907229,awp
69,Simple Dimple skins.army,76561199433997570,31,46,54,generic,64750,frees.tyler,76561198002613044,hegrenade
85,Faat,76561198171814417,5,17,83,left_arm,64921,shawty#)$@,76561199557907229,mp7
80,Faat,76561198171814417,5,17,66,chest,64927,shawty#)$@,76561199557907229,mp7
75,Faat,76561198171814417,5,17,49,chest,64932,shawty#)$@,76561199557907229,mp7
55,Faat,76561198171814417,20,68,0,head,64947,shawty#)$@,76561199557907229,mp7
100,Simple Dimple skins.army,76561199433997570,0,187,0,head,65849,Worfy,76561199052717313,deagle
96,Moon,76561198049602148,4,27,73,chest,65895,Simple Dimple skins.army,76561199433997570,ak47
92,Moon,76561198049602148,4,27,45,chest,65902,Simple Dimple skins.army,76561199433997570,ak47
76,Moon,76561198049602148,16,110,0,head,65908,Simple Dimple skins.army,76561199433997570,ak47
96,Wybaczam.oficjalnie skins.army,76561199256543526,4,27,73,chest,66254,Faat,76561198171814417,ak47
91,Wybaczam.oficjalnie skins.army,76561199256543526,5,34,38,stomach,66261,Faat,76561198171814417,ak47
86,Wybaczam.oficjalnie skins.army,76561199256543526,5,34,4,stomach,66267,Faat,76561198171814417,ak47
70,Wybaczam.oficjalnie skins.army,76561199256543526,16,110,0,head,66293,Faat,76561198171814417,ak47
94,frees.tyler,76561198002613044,6,16,84,stomach,66605,Wybaczam.oficjalnie skins.army,76561199256543526,mac10
82,RME | Пацан,76561199826895670,18,27,73,generic,66605,Moon,76561198049602148,hegrenade
88,frees.tyler,76561198002613044,6,16,67,stomach,66610,Wybaczam.oficjalnie skins.army,76561199256543526,mac10
82,frees.tyler,76561198002613044,6,16,50,stomach,66614,Wybaczam.oficjalnie skins.army,76561199256543526,mac10
78,frees.tyler,76561198002613044,4,13,37,chest,66619,Wybaczam.oficjalnie skins.army,76561199256543526,mac10
74,frees.tyler,76561198002613044,4,13,23,chest,66624,Wybaczam.oficjalnie skins.army,76561199256543526,mac10
70,frees.tyler,76561198002613044,4,13,10,chest,66634,Wybaczam.oficjalnie skins.army,76561199256543526,mac10
54,Wybaczam.oficjalnie skins.army,76561199256543526,15,109,0,head,66636,frees.tyler,76561198002613044,ak47
34,zig,76561198274174345,36,55,0,generic,66647,Wybaczam.oficjalnie skins.army,76561199256543526,hegrenade
81,RME | Пацан,76561199826895670,1,110,0,chest,66871,Moon,76561198049602148,awp
99,RME | Пацан,76561199826895670,1,109,0,chest,67752,zig,76561198274174345,awp
95,Simple Dimple skins.army,76561199433997570,5,61,39,generic,69856,shawty#)$@,76561199557907229,knife
99,shawty#)$@,76561199557907229,1,22,78,generic,70001,Simple Dimple skins.army,76561199433997570,knife
94,shawty#)$@,76561199557907229,5,61,17,generic,70071,Simple Dimple skins.army,76561199433997570,knife
95,Simple Dimple skins.army,76561199433997570,0,7,31,right_leg,70309,shawty#)$@,76561199557907229,m4a1
95,,,0,4,27,generic,70359,shawty#)$@,76561199557907229,
94,Simple Dimple skins.army,76561199433997570,1,7,20,chest,70655,shawty#)$@,76561199557907229,m4a1
93,Simple Dimple skins.army,76561199433997570,1,7,13,chest,70661,shawty#)$@,76561199557907229,m4a1
92,Simple Dimple skins.army,76561199433997570,1,7,5,chest,70667,shawty#)$@,76561199557907229,m4a1
92,Simple Dimple skins.army,76561199433997570,0,7,0,right_leg,70673,shawty#)$@,76561199557907229,m4a1
92,prosto bo$$,76561199068251294,2,5,12,chest,70781,Simple Dimple skins.army,76561199433997570,hkp2000
89,prosto bo$$,76561199068251294,3,6,5,stomach,70899,Simple Dimple skins.army,76561199433997570,hkp2000
86,prosto bo$$,76561199068251294,3,6,0,stomach,70950,Simple Dimple skins.army,76561199433997570,hkp2000
99,Moon,76561198049602148,1,21,79,neck,72114,Wybaczam.oficjalnie skins.army,76561199256543526,tec9
98,Moon,76561198049602148,1,21,57,chest,72125,Wybaczam.oficjalnie skins.army,76561199256543526,tec9
98,Moon,76561198049602148,0,18,39,left_leg,72188,Wybaczam.oficjalnie skins.army,76561199256543526,tec9
98,Moon,76561198049602148,0,18,20,right_leg,72225,Wybaczam.oficjalnie skins.army,76561199256543526,tec9
97,Worfy,76561199052717313,1,49,0,stomach,72233,Wybaczam.oficjalnie skins.army,76561199256543526,deagle
0,prosto bo$$,76561199068251294,0,2,98,generic,72329,Moon,76561198049602148,smokegrenade
0,prosto bo$$,76561199068251294,0,41,59,generic,72454,Worfy,76561199052717313,hegrenade
0,prosto bo$$,76561199068251294,0,35,63,generic,72454,Moon,76561198049602148,hegrenade
0,prosto bo$$,76561199068251294,0,113,0,right_arm,72728,Moon,76561198049602148,awp
100,Faat,76561198171814417,0,60,40,right_leg,73051,RME | Пацан,76561199826895670,ssg08
100,Faat,76561198171814417,0,6,33,chest,73240,RME | Пацан,76561199826895670,ssg08
97,Faat,76561198171814417,3,34,66,chest,74032,prosto bo$$,76561199068251294,ssg08
0,RME | Пацан,76561199826895670,0,112,0,chest,74244,zig,76561198274174345,awp
95,Faat,76561198171814417,5,67,0,chest,75189,RME | Пацан,76561199826895670,ssg08
96,Worfy,76561199052717313,1,34,31,chest,75281,prosto bo$$,76561199068251294,deagle
70,frees.tyler,76561198002613044,26,47,0,head,75381,prosto bo$$,76561199068251294,glock
97,Simple Dimple skins.army,76561199433997570,3,7,93,stomach,78281,shawty#)$@,76561199557907229,hkp2000
95,Simple Dimple skins.army,76561199433997570,2,5,88,chest,78319,shawty#)$@,76561199557907229,hkp2000
99,Wybaczam.oficjalnie skins.army,76561199256543526,1,26,74,chest,78447,frees.tyler,76561198002613044,fiveseven
84,frees.tyler,76561198002613044,16,110,0,head,78457,Wybaczam.oficjalnie skins.army,76561199256543526,ak47
67,shawty#)$@,76561199557907229,33,50,50,generic,79041,Moon,76561198049602148,hegrenade
95,shawty#)$@,76561199557907229,5,427,0,head,79961,Faat,76561198171814417,awp
81,Simple Dimple skins.army,76561199433997570,19,89,11,head,80228,Worfy,76561199052717313,m4a1
76,Simple Dimple skins.army,76561199433997570,5,25,0,chest,80234,Worfy,76561199052717313,m4a1
62,Simple Dimple skins.army,76561199433997570,5,25,24,chest,80270,Moon,76561198049602148,m4a1
57,Simple Dimple skins.army,76561199433997570,5,25,0,chest,80277,Moon,76561198049602148,m4a1
97,zig,76561198274174345,3,26,74,left_arm,81734,RME | Пацан,76561199826895670,ak47
94,zig,76561198274174345,3,25,48,stomach,81756,RME | Пацан,76561199826895670,ak47
94,shawty#)$@,76561199557907229,0,0,47,generic,82530,RME | Пацан,76561199826895670,inferno
94,shawty#)$@,76561199557907229,0,1,46,generic,82543,RME | Пацан,76561199826895670,inferno
94,shawty#)$@,76561199557907229,0,1,45,generic,82556,RME | Пацан,76561199826895670,inferno
94,shawty#)$@,76561199557907229,0,1,43,generic,82568,RME | Пацан,76561199826895670,inferno
94,shawty#)$@,76561199557907229,0,1,42,generic,82581,RME | Пацан,76561199826895670,inferno
94,shawty#)$@,76561199557907229,0,2,39,generic,82594,RME | Пацан,76561199826895670,inferno
94,shawty#)$@,76561199557907229,0,2,37,generic,82607,RME | Пацан,76561199826895670,inferno
64,frees.tyler,76561198002613044,31,47,41,generic,83205,shawty#)$@,76561199557907229,hegrenade
76,frees.tyler,76561198002613044,24,36,64,generic,83205,Simple Dimple skins.army,76561199433997570,hegrenade
99,Simple Dimple skins.army,76561199433997570,0,4,70,generic,83879,frees.tyler,76561198002613044,inferno
99,Simple Dimple skins.army,76561199433997570,0,4,65,generic,83892,frees.tyler,76561198002613044,inferno
99,Simple Dimple skins.army,76561199433997570,0,5,60,generic,83905,frees.tyler,76561198002613044,inferno
99,Simple Dimple skins.army,76561199433997570,0,6,53,generic,83918,frees.tyler,76561198002613044,inferno
99,Simple Dimple skins.army,76561199433997570,0,7,46,generic,83931,frees.tyler,76561198002613044,inferno
99,Simple Dimple skins.army,76561199433997570,0,8,38,generic,83943,frees.tyler,76561198002613044,inferno
99,Simple Dimple skins.army,76561199433997570,0,8,30,generic,83956,frees.tyler,76561198002613044,inferno
99,Simple Dimple skins.army,76561199433997570,0,8,22,generic,83969,frees.tyler,76561198002613044,inferno
99,Simple Dimple skins.army,76561199433997570,0,8,14,generic,83982,frees.tyler,76561198002613044,inferno
99,Simple Dimple skins.army,76561199433997570,0,8,6,generic,83995,frees.tyler,76561198002613044,inferno
64,RME | Пацан,76561199826895670,0,36,4,chest,84422,shawty#)$@,76561199557907229,awp
0,Moon,76561198049602148,0,2,98,generic,87261,Simple Dimple skins.army,76561199433997570,hegrenade
0,Moon,76561198049602148,0,14,84,generic,87309,Simple Dimple skins.army,76561199433997570,hegrenade
0,prosto bo$$,76561199068251294,0,76,24,head,87986,Moon,76561198049602148,glock
0,zig,76561198274174345,0,26,74,chest,88011,shawty#)$@,76561199557907229,hkp2000
0,zig,76561198274174345,0,104,0,head,88034,shawty#)$@,76561199557907229,hkp2000
0,Wybaczam.oficjalnie skins.army,76561199256543526,0,16,8,left_leg,88218,Moon,76561198049602148,glock
0,Simple Dimple skins.army,76561199433997570,0,21,0,chest,88255,Moon,76561198049602148,glock
0,Worfy,76561199052717313,0,28,72,chest,88375,Wybaczam.oficjalnie skins.army,76561199256543526,hkp2000
0,zig,76561198274174345,0,32,68,stomach,88394,prosto bo$$,76561199068251294,hkp2000
0,Worfy,76561199052717313,0,112,0,head,88395,Wybaczam.oficjalnie skins.army,76561199256543526,hkp2000
100,Simple Dimple skins.army,76561199433997570,0,81,19,head,88406,zig,76561198274174345,glock
100,Simple Dimple skins.army,76561199433997570,0,81,0,head,88428,zig,76561198274174345,glock
0,prosto bo$$,76561199068251294,0,14,86,chest,88489,Faat,76561198171814417,glock
0,Worfy,76561199052717313,0,27,41,chest,88524,prosto bo$$,76561199068251294,hkp2000
0,Worfy,76561199052717313,0,26,14,right_arm,88567,prosto bo$$,76561199068251294,hkp2000
0,prosto bo$$,76561199068251294,0,76,24,head,88584,Worfy,76561199052717313,glock
0,Worfy,76561199052717313,0,27,0,chest,88631,prosto bo$$,76561199068251294,hkp2000
0,Faat,76561198171814417,0,25,59,right_arm,88643,Simple Dimple skins.army,76561199433997570,hkp2000
0,Simple Dimple skins.army,76561199433997570,0,16,70,chest,88643,Faat,76561198171814417,glock
0,Simple Dimple skins.army,76561199433997570,0,16,53,chest,88657,Faat,76561198171814417,glock
0,Faat,76561198171814417,0,25,34,chest,88696,Simple Dimple skins.army,76561199433997570,hkp2000
0,Simple Dimple skins.army,76561199433997570,0,16,36,chest,88716,Faat,76561198171814417,glock
0,Simple Dimple skins.army,76561199433997570,0,21,15,stomach,88730,Faat,76561198171814417,glock
0,RME | Пацан,76561199826895670,0,22,78,chest,89362,frees.tyler,76561198002613044,glock
0,Simple Dimple skins.army,76561199433997570,0,20,58,chest,89376,frees.tyler,76561198002613044,glock
0,RME | Пацан,76561199826895670,0,22,36,chest,89420,frees.tyler,76561198002613044,glock
0,frees.tyler,76561198002613044,0,29,71,chest,89427,RME | Пацан,76561199826895670,hkp2000
0,RME | Пацан,76561199826895670,0,22,14,chest,89450,frees.tyler,76561198002613044,glock
0,RME | Пацан,76561199826895670,0,22,0,chest,89470,frees.tyler,76561198002613044,glock
0,RME | Пацан,76561199826895670,0,70,0,head,90150,Faat,76561198171814417,glock
0,Worfy,76561199052717313,0,121,0,head,90340,RME | Пацан,76561199826895670,hkp2000
0,Simple Dimple skins.army,76561199433997570,0,96,0,head,90348,Worfy,76561199052717313,glock
0,Simple Dimple skins.army,76561199433997570,0,108,0,left_arm,92291,Worfy,76561199052717313,awp
0,shawty#)$@,76561199557907229,0,37,63,head,92914,Faat,76561198171814417,xm1014
0,shawty#)$@,76561199557907229,0,11,52,stomach,92914,Faat,76561198171814417,xm1014
0,shawty#)$@,76561199557907229,0,11,40,stomach,92936,Faat,76561198171814417,xm1014
100,Faat,76561198171814417,0,13,87,left_arm,93135,prosto bo$$,76561199068251294,deagle
0,prosto bo$$,76561199068251294,0,15,24,head,93147,Faat,76561198171814417,galilar
0,prosto bo$$,76561199068251294,0,33,0,head,93170,Faat,76561198171814417,galilar
0,,,0,2,98,generic,93185,Simple Dimple skins.army,76561199433997570,
0,prosto bo$$,76561199068251294,0,16,84,stomach,94148,zig,76561198274174345,galilar
94,frees.tyler,76561198002613044,6,12,88,right_arm,94180,shawty#)$@,76561199557907229,hkp2000
87,frees.tyler,76561198002613044,7,15,72,stomach,94206,shawty#)$@,76561199557907229,hkp2000
77,zig,76561198274174345,23,83,3,head,94420,prosto bo$$,76561199068251294,p250
77,frees.tyler,76561198002613044,0,1,2,generic,94448,prosto bo$$,76561199068251294,hegrenade
0,Simple Dimple skins.army,76561199433997570,0,113,0,chest,94659,Moon,76561198049602148,awp
0,RME | Пацан,76561199826895670,0,38,45,chest,94715,zig,76561198274174345,deagle
0,zig,76561198274174345,0,123,0,head,94747,RME | Пацан,76561199826895670,p250
0,Simple Dimple skins.army,76561199433997570,0,114,0,chest,95075,zig,76561198274174345,awp
0,Wybaczam.oficjalnie skins.army,76561199256543526,0,12,86,stomach,95627,Simple Dimple skins.army,76561199433997570,galilar
0,frees.tyler,76561198002613044,0,30,56,chest,97535,Simple Dimple skins.army,76561199433997570,hkp2000
0,frees.tyler,76561198002613044,0,30,25,chest,97553,Simple Dimple skins.army,76561199433997570,hkp2000
0,frees.tyler,76561198002613044,0,30,0,chest,97569,Simple Dimple skins.army,76561199433997570,hkp2000
70,frees.tyler,76561198002613044,7,16,0,chest,97763,prosto bo$$,76561199068251294,hkp2000
0,,,0,158,0,generic,97940,frees.tyler,76561198002613044,
56,,,31,31,41,generic,97940,shawty#)$@,76561199557907229,
54,frees.tyler,76561198002613044,2,3,97,generic,100253,shawty#)$@,76561199557907229,hegrenade
99,frees.tyler,76561198002613044,1,2,98,generic,100253,RME | Пацан,76561199826895670,hegrenade
99,frees.tyler,76561198002613044,1,1,99,generic,100253,prosto bo$$,76561199068251294,hegrenade
96,frees.tyler,76561198002613044,4,20,80,chest,101000,Wybaczam.oficjalnie skins.army,76561199256543526,famas
92,frees.tyler,76561198002613044,4,20,60,chest,101006,Wybaczam.oficjalnie skins.army,76561199256543526,famas
88,frees.tyler,76561198002613044,4,20,39,chest,101018,Wybaczam.oficjalnie skins.army,76561199256543526,famas
84,frees.tyler,76561198002613044,4,20,19,left_arm,101023,Wybaczam.oficjalnie skins.army,76561199256543526,famas
80,frees.tyler,76561198002613044,4,20,0,chest,101029,Wybaczam.oficjalnie skins.army,76561199256543526,famas
94,zig,76561198274174345,5,23,75,chest,101603,prosto bo$$,76561199068251294,m4a1
97,prosto bo$$,76561199068251294,3,26,74,chest,101610,zig,76561198274174345,ak47
94,prosto bo$$,76561199068251294,3,26,47,chest,101617,zig,76561198274174345,ak47
88,zig,76561198274174345,6,29,45,stomach,101622,prosto bo$$,76561199068251294,m4a1
91,prosto bo$$,76561199068251294,3,26,20,chest,101630,zig,76561198274174345,ak47
88,prosto bo$$,76561199068251294,3,26,0,chest,101636,zig,76561198274174345,ak47
84,Worfy,76561199052717313,4,12,33,right_arm,102271,prosto bo$$,76561199068251294,mp9
79,Worfy,76561199052717313,5,15,17,stomach,102311,prosto bo$$,76561199068251294,mp9
74,Worfy,76561199052717313,5,15,1,stomach,102315,prosto bo$$,76561199068251294,mp9
0,prosto bo$$,76561199068251294,0,34,66,chest,102317,Worfy,76561199052717313,ak47
58,Worfy,76561199052717313,16,50,0,head,102324,prosto bo$$,76561199068251294,mp9
0,shawty#)$@,76561199557907229,0,123,0,head,102386,Worfy,76561199052717313,m4a1
54,Faat,76561198171814417,0,71,26,head,102688,shawty#)$@,76561199557907229,mp7
99,shawty#)$@,76561199557907229,1,8,92,chest,102753,Faat,76561198171814417,m4a1
96,shawty#)$@,76561199557907229,4,23,77,neck,102811,Moon,76561198049602148,m4a1
92,Simple Dimple skins.army,76561199433997570,4,33,43,stomach,102848,Moon,76561198049602148,ak47
88,Simple Dimple skins.army,76561199433997570,4,33,9,stomach,102854,Moon,76561198049602148,ak47
85,Simple Dimple skins.army,76561199433997570,3,27,0,chest,102861,Moon,76561198049602148,ak47
51,frees.tyler,76561198002613044,3,17,9,stomach,102964,shawty#)$@,76561199557907229,famas
97,Simple Dimple skins.army,76561199433997570,3,26,74,chest,102975,frees.tyler,76561198002613044,ak47
94,Simple Dimple skins.army,76561199433997570,3,26,47,chest,102995,frees.tyler,76561198002613044,ak47
96,frees.tyler,76561198002613044,4,19,81,right_arm,103000,Simple Dimple skins.army,76561199433997570,famas
96,frees.tyler,76561198002613044,0,3,77,chest,103032,Simple Dimple skins.army,76561199433997570,famas
91,Simple Dimple skins.army,76561199433997570,3,26,20,chest,103033,frees.tyler,76561198002613044,ak47
93,Faat,76561198171814417,3,11,66,right_arm,103300,Simple Dimple skins.army,76561199433997570,mp7
90,Faat,76561198171814417,3,11,55,right_arm,103318,Simple Dimple skins.army,76561199433997570,mp7
87,Faat,76561198171814417,3,11,44,chest,103323,Simple Dimple skins.army,76561199433997570,mp7
84,Faat,76561198171814417,3,11,33,chest,103674,Simple Dimple skins.army,76561199433997570,mp7
86,Faat,76561198171814417,13,44,53,head,103763,RME | Пацан,76561199826895670,mp7
98,RME | Пацан,76561199826895670,1,135,0,stomach,103768,Faat,76561198171814417,awp
80,frees.tyler,76561198002613044,4,19,14,chest,103927,Simple Dimple skins.army,76561199433997570,famas
76,frees.tyler,76561198002613044,4,19,0,chest,103936,Simple Dimple skins.army,76561199433997570,famas
90,RME | Пацан,76561199826895670,1,110,0,chest,104429,frees.tyler,76561198002613044,awp
100,frees.tyler,76561198002613044,0,3,97,generic,106882,RME | Пацан,76561199826895670,inferno
100,frees.tyler,76561198002613044,0,4,93,generic,106894,RME | Пацан,76561199826895670,inferno
100,frees.tyler,76561198002613044,0,4,88,generic,106907,RME | Пацан,76561199826895670,inferno
100,frees.tyler,76561198002613044,0,5,82,generic,106920,RME | Пацан,76561199826895670,inferno
100,frees.tyler,76561198002613044,0,6,76,generic,106933,RME | Пацан,76561199826895670,inferno
95,frees.tyler,76561198002613044,5,25,75,left_arm,107256,shawty#)$@,76561199557907229,m4a1
90,frees.tyler,76561198002613044,5,25,50,chest,107263,shawty#)$@,76561199557907229,m4a1
85,shawty#)$@,76561199557907229,15,109,0,head,107264,frees.tyler,76561198002613044,ak47
91,Moon,76561198049602148,9,14,86,generic,107357,Simple Dimple skins.army,76561199433997570,hegrenade
0,,,0,3,97,generic,107852,Worfy,76561199052717313,
96,Simple Dimple skins.army,76561199433997570,4,27,73,chest,108005,Moon,76561198049602148,ak47
92,Simple Dimple skins.army,76561199433997570,4,27,45,chest,108011,Moon,76561198049602148,ak47
88,Simple Dimple skins.army,76561199433997570,4,27,17,chest,108031,Moon,76561198049602148,ak47
84,Simple Dimple skins.army,76561199433997570,4,27,0,chest,108037,Moon,76561198049602148,ak47
86,Worfy,76561199052717313,4,13,36,chest,108319,shawty#)$@,76561199557907229,mp9
82,Worfy,76561199052717313,4,13,23,right_arm,108324,shawty#)$@,76561199557907229,mp9
0,shawty#)$@,76561199557907229,0,141,0,head,108334,Worfy,76561199052717313,ak47
99,Simple Dimple skins.army,76561199433997570,1,8,92,right_arm,109707,Wybaczam.oficjalnie skins.army,76561199256543526,ak47
98,Simple Dimple skins.army,76561199433997570,1,8,83,chest,109737,Wybaczam.oficjalnie skins.army,76561199256543526,ak47
93,Simple Dimple skins.army,76561199433997570,5,34,48,head,109929,Wybaczam.oficjalnie skins.army,76561199256543526,ak47
100,,,0,5,95,generic,110581,zig,76561198274174345,
89,zig,76561198274174345,4,16,32,chest,110607,Wybaczam.oficjalnie skins.army,76561199256543526,mp7
85,zig,76561198274174345,4,16,15,chest,110617,Wybaczam.oficjalnie skins.army,76561199256543526,mp7
81,zig,76561198274174345,4,16,0,chest,110622,Wybaczam.oficjalnie skins.army,76561199256543526,mp7
77,Faat,76561198171814417,5,25,0,chest,110802,shawty#)$@,76561199557907229,m4a1
95,Faat,76561198171814417,5,25,75,chest,110888,prosto bo$$,76561199068251294,m4a1
89,Faat,76561198171814417,6,31,44,stomach,110894,prosto bo$$,76561199068251294,m4a1
83,Faat,76561198171814417,6,31,12,stomach,110901,prosto bo$$,76561199068251294,m4a1
77,Faat,76561198171814417,6,31,0,stomach,110907,prosto bo$$,76561199068251294,m4a1
92,RME | Пацан,76561199826895670,8,15,85,stomach,110942,Faat,76561198171814417,glock
84,RME | Пацан,76561199826895670,8,15,69,stomach,110962,Faat,76561198171814417,glock
81,Simple Dimple skins.army,76561199433997570,3,27,42,right_arm,110974,Faat,76561198171814417,ak47
78,Simple Dimple skins.army,76561199433997570,3,27,14,chest,110980,Faat,76561198171814417,ak47
70,RME | Пацан,76561199826895670,8,15,0,stomach,110981,Faat,76561198171814417,glock
88,,,12,12,82,generic,111203,zig,76561198274174345,
89,RME | Пацан,76561199826895670,2,5,81,stomach,111216,Simple Dimple skins.army,76561199433997570,glock
98,Simple Dimple skins.army,76561199433997570,2,5,71,stomach,111636,RME | Пацан,76561199826895670,glock
96,frees.tyler,76561198002613044,4,13,87,chest,113937,prosto bo$$,76561199068251294,mp9
92,frees.tyler,76561198002613044,4,13,73,chest,113946,prosto bo$$,76561199068251294,mp9
74,frees.tyler,76561198002613044,18,55,17,head,113950,prosto bo$$,76561199068251294,mp9
97,prosto bo$$,76561199068251294,3,27,73,right_arm,113953,frees.tyler,76561198002613044,ak47
95,prosto bo$$,76561199068251294,2,13,59,chest,113972,frees.tyler,76561198002613044,ak47
56,frees.tyler,76561198002613044,18,55,0,head,113977,prosto bo$$,76561199068251294,mp9
85,zig,76561198274174345,15,107,0,head,114145,shawty#)$@,76561199557907229,ak47
89,Simple Dimple skins.army,76561199433997570,11,17,83,generic,114184,zig,76561198274174345,hegrenade
0,frees.tyler,76561198002613044,0,87,13,generic,114208,Wybaczam.oficjalnie skins.army,76561199256543526,hegrenade
99,RME | Пацан,76561199826895670,1,109,0,chest,114275,Faat,76561198171814417,awp
94,Wybaczam.oficjalnie skins.army,76561199256543526,1,136,0,stomach,114771,frees.tyler,76561198002613044,awp
97,Simple Dimple skins.army,76561199433997570,3,27,73,chest,114896,Moon,76561198049602148,ak47
85,Moon,76561198049602148,4,20,80,right_arm,114900,Simple Dimple skins.army,76561199433997570,famas
94,Simple Dimple skins.army,76561199433997570,3,27,46,chest,114903,Moon,76561198049602148,ak47
91,Simple Dimple skins.army,76561199433997570,3,27,18,chest,114909,Moon,76561198049602148,ak47
88,Simple Dimple skins.army,76561199433997570,3,27,0,right_arm,114925,Moon,76561198049602148,ak47
94,zig,76561198274174345,4,27,73,chest,115609,RME | Пацан,76561199826895670,ak47
80,zig,76561198274174345,5,34,46,stomach,115622,Simple Dimple skins.army,76561199433997570,ak47
76,zig,76561198274174345,4,27,18,chest,115628,Simple Dimple skins.army,76561199433997570,ak47
90,zig,76561198274174345,4,27,45,chest,115635,RME | Пацан,76561199826895670,ak47
86,zig,76561198274174345,4,27,17,chest,115641,RME | Пацан,76561199826895670,ak47
82,zig,76561198274174345,4,27,0,chest,115648,RME | Пацан,76561199826895670,ak47
75,zig,76561198274174345,1,7,10,left_arm,115648,Simple Dimple skins.army,76561199433997570,ak47
85,Simple Dimple skins.army,76561199433997570,4,27,55,chest,115648,zig,76561198274174345,ak47
81,Simple Dimple skins.army,76561199433997570,4,27,27,right_arm,115655,zig,76561198274174345,ak47
71,zig,76561198274174345,4,27,0,right_arm,115660,Simple Dimple skins.army,76561199433997570,ak47
0,Worfy,76561199052717313,0,35,0,chest,116070,Wybaczam.oficjalnie skins.army,76561199256543526,m4a1
100,,,0,2,98,generic,118166,Simple Dimple skins.army,76561199433997570,
100,frees.tyler,76561198002613044,0,1,99,generic,118427,RME | Пацан,76561199826895670,inferno
100,frees.tyler,76561198002613044,0,1,97,generic,118427,Simple Dimple skins.army,76561199433997570,inferno
100,frees.tyler,76561198002613044,0,2,96,generic,118440,RME | Пацан,76561199826895670,inferno
100,frees.tyler,76561198002613044,0,2,94,generic,118440,Simple Dimple skins.army,76561199433997570,inferno
100,frees.tyler,76561198002613044,0,3,93,generic,118453,RME | Пацан,76561199826895670,inferno
100,frees.tyler,76561198002613044,0,4,89,generic,118465,RME | Пацан,76561199826895670,inferno
100,Worfy,76561199052717313,0,2,98,generic,118468,shawty#)$@,76561199557907229,inferno
100,frees.tyler,76561198002613044,0,4,84,generic,118478,RME | Пацан,76561199826895670,inferno
96,Moon,76561198049602148,4,16,82,chest,118487,shawty#)$@,76561199557907229,mp7
96,Moon,76561198049602148,4,15,85,chest,118492,prosto bo$$,76561199068251294,mp7
92,Moon,76561198049602148,4,15,70,left_arm,118497,prosto bo$$,76561199068251294,mp7
88,Moon,76561198049602148,4,15,54,left_arm,118508,prosto bo$$,76561199068251294,mp7
75,Moon,76561198049602148,13,20,34,generic,118817,prosto bo$$,76561199068251294,hegrenade
95,Moon,76561198049602148,1,1,80,generic,118817,shawty#)$@,76561199557907229,hegrenade
97,zig,76561198274174345,3,26,68,left_arm,119203,Simple Dimple skins.army,76561199433997570,ak47
85,Simple Dimple skins.army,76561199433997570,15,106,0,head,119260,zig,76561198274174345,ak47
75,frees.tyler,76561198002613044,20,31,49,generic,119260,shawty#)$@,76561199557907229,hegrenade
96,frees.tyler,76561198002613044,1,1,66,generic,119260,Simple Dimple skins.army,76561199433997570,hegrenade
85,Simple Dimple skins.army,76561199433997570,15,108,0,head,119324,frees.tyler,76561198002613044,ak47
58,Worfy,76561199052717313,17,81,0,head,119824,shawty#)$@,76561199557907229,m4a1
59,Worfy,76561199052717313,16,76,0,head,119891,prosto bo$$,76561199068251294,m4a1
96,Faat,76561198171814417,0,8,58,generic,120091,Simple Dimple skins.army,76561199433997570,inferno
96,Simple Dimple skins.army,76561199433997570,4,33,67,stomach,120599,Faat,76561198171814417,ak47
92,Simple Dimple skins.army,76561199433997570,4,33,33,stomach,120626,Faat,76561198171814417,ak47
88,Simple Dimple skins.army,76561199433997570,4,33,0,stomach,120633,Faat,76561198171814417,ak47
95,Moon,76561198049602148,5,16,67,chest,122140,RME | Пацан,76561199826895670,mp7
91,Moon,76561198049602148,4,16,51,right_arm,122155,RME | Пацан,76561199826895670,mp7
87,Moon,76561198049602148,4,16,34,right_arm,122161,RME | Пацан,76561199826895670,mp7
83,Moon,76561198049602148,4,16,18,chest,122201,RME | Пацан,76561199826895670,mp7
77,Moon,76561198049602148,6,20,0,stomach,122217,RME | Пацан,76561199826895670,mp7
90,Worfy,76561199052717313,6,29,28,stomach,122723,Simple Dimple skins.army,76561199433997570,m4a1
90,Worfy,76561199052717313,0,25,3,right_leg,122738,Simple Dimple skins.army,76561199433997570,m4a1
100,Simple Dimple skins.army,76561199433997570,0,138,0,head,122741,Worfy,76561199052717313,ak47
87,Moon,76561198049602148,3,26,0,chest,122791,Simple Dimple skins.army,76561199433997570,ak47
96,Wybaczam.oficjalnie skins.army,76561199256543526,4,33,67,stomach,123427,Moon,76561198049602148,ak47
97,Moon,76561198049602148,3,26,74,chest,123434,Wybaczam.oficjalnie skins.army,76561199256543526,ak47
93,Wybaczam.oficjalnie skins.army,76561199256543526,3,26,40,chest,123434,Moon,76561198049602148,ak47
90,Wybaczam.oficjalnie skins.army,76561199256543526,3,26,14,right_arm,123440,Moon,76561198049602148,ak47
86,Wybaczam.oficjalnie skins.army,76561199256543526,4,33,0,stomach,123446,Moon,76561198049602148,ak47
0,RME | Пацан,76561199826895670,0,63,37,head,125395,Simple Dimple skins.army,76561199433997570,deagle
0,shawty#)$@,76561199557907229,0,30,7,head,125462,Simple Dimple skins.army,76561199433997570,nova
0,shawty#)$@,76561199557907229,0,30,0,head,125462,Simple Dimple skins.army,76561199433997570,nova
90,Moon,76561198049602148,10,47,53,head,126574,prosto bo$$,76561199068251294,m4a1
99,prosto bo$$,76561199068251294,1,111,0,chest,126574,Moon,76561198049602148,awp
96,frees.tyler,76561198002613044,4,13,87,chest,126986,Wybaczam.oficjalnie skins.army,76561199256543526,mp9
92,frees.tyler,76561198002613044,4,13,73,chest,126990,Wybaczam.oficjalnie skins.army,76561199256543526,mp9
74,frees.tyler,76561198002613044,18,55,18,head,126995,Wybaczam.oficjalnie skins.army,76561199256543526,mp9
70,frees.tyler,76561198002613044,4,13,4,chest,126999,Wybaczam.oficjalnie skins.army,76561199256543526,mp9
66,frees.tyler,76561198002613044,4,13,0,chest,127004,Wybaczam.oficjalnie skins.army,76561199256543526,mp9
96,Worfy,76561199052717313,4,22,78,right_arm,127780,RME | Пацан,76561199826895670,m4a1
92,Worfy,76561199052717313,4,22,56,chest,127804,RME | Пацан,76561199826895670,m4a1
88,Worfy,76561199052717313,4,22,34,chest,127829,RME | Пацан,76561199826895670,m4a1
83,Worfy,76561199052717313,5,27,6,stomach,127835,RME | Пацан,76561199826895670,m4a1
78,Worfy,76561199052717313,5,27,0,stomach,127871,RME | Пацан,76561199826895670,m4a1
85,zig,76561198274174345,5,23,29,left_arm,128524,prosto bo$$,76561199068251294,m4a1
80,zig,76561198274174345,5,23,5,chest,128539,prosto bo$$,76561199068251294,m4a1
78,zig,76561198274174345,2,12,0,chest,128558,prosto bo$$,76561199068251294,m4a1
100,frees.tyler,76561198002613044,0,8,92,generic,131071,Wybaczam.oficjalnie skins.army,76561199256543526,inferno
100,frees.tyler,76561198002613044,0,8,84,generic,131083,Wybaczam.oficjalnie skins.army,76561199256543526,inferno
83,Faat,76561198171814417,17,25,59,generic,131384,Wybaczam.oficjalnie skins.army,76561199256543526,hegrenade
89,Faat,76561198171814417,11,16,84,generic,131384,prosto bo$$,76561199068251294,hegrenade
90,Faat,76561198171814417,10,15,85,generic,131384,RME | Пацан,76561199826895670,hegrenade
96,RME | Пацан,76561199826895670,4,13,87,chest,131421,Faat,76561198171814417,elite
89,Faat,76561198171814417,1,137,0,stomach,131434,RME | Пацан,76561199826895670,awp
92,Wybaczam.oficjalnie skins.army,76561199256543526,4,28,59,stomach,131739,Faat,76561198171814417,galilar
89,Wybaczam.oficjalnie skins.army,76561199256543526,3,22,36,right_arm,131745,Faat,76561198171814417,galilar
86,Simple Dimple skins.army,76561199433997570,3,27,9,chest,131749,Faat,76561198171814417,ak47
83,Simple Dimple skins.army,76561199433997570,3,27,0,chest,131755,Faat,76561198171814417,ak47
84,Worfy,76561199052717313,5,24,59,chest,131787,prosto bo$$,76561199068251294,m4a1
97,prosto bo$$,76561199068251294,3,14,86,chest,131792,Worfy,76561199052717313,p90
97,prosto bo$$,76561199068251294,0,84,2,head,131933,Worfy,76561199052717313,p90
94,prosto bo$$,76561199068251294,3,14,0,right_arm,131938,Worfy,76561199052717313,p90
79,zig,76561198274174345,4,7,51,generic,132026,Wybaczam.oficjalnie skins.army,76561199256543526,hegrenade
82,zig,76561198274174345,2,4,55,generic,132026,prosto bo$$,76561199068251294,hegrenade
98,zig,76561198274174345,2,4,96,generic,132026,Simple Dimple skins.army,76561199433997570,hegrenade
73,frees.tyler,76561198002613044,6,31,20,stomach,132286,Wybaczam.oficjalnie skins.army,76561199256543526,m4a1
67,frees.tyler,76561198002613044,6,31,0,stomach,132292,Wybaczam.oficjalnie skins.army,76561199256543526,m4a1
66,frees.tyler,76561198002613044,32,48,48,generic,132513,Simple Dimple skins.army,76561199433997570,hegrenade
96,Simple Dimple skins.army,76561199433997570,4,27,73,right_arm,132522,frees.tyler,76561198002613044,ak47
47,frees.tyler,76561198002613044,19,89,0,head,132528,Simple Dimple skins.army,76561199433997570,m4a1
97,prosto bo$$,76561199068251294,3,14,86,chest,132689,zig,76561198274174345,p90
84,prosto bo$$,76561199068251294,13,58,28,head,132693,zig,76561198274174345,p90
81,prosto bo$$,76561199068251294,3,14,13,chest,132711,zig,76561198274174345,p90
77,prosto bo$$,76561199068251294,4,18,0,stomach,132716,zig,76561198274174345,p90
80,frees.tyler,76561198002613044,2,12,43,chest,132730,prosto bo$$,76561199068251294,m4a1
62,frees.tyler,76561198002613044,18,85,0,head,132737,prosto bo$$,76561199068251294,m4a1
91,frees.tyler,76561198002613044,9,14,86,generic,135726,Simple Dimple skins.army,76561199433997570,hegrenade
95,frees.tyler,76561198002613044,5,25,75,right_arm,135833,prosto bo$$,76561199068251294,m4a1
90,frees.tyler,76561198002613044,5,25,50,chest,135839,prosto bo$$,76561199068251294,m4a1
84,frees.tyler,76561198002613044,6,31,19,stomach,135846,prosto bo$$,76561199068251294,m4a1
79,Faat,76561198171814417,5,27,0,stomach,135851,prosto bo$$,76561199068251294,m4a1
87,Faat,76561198171814417,4,22,63,right_arm,135994,Simple Dimple skins.army,76561199433997570,m4a1
97,Simple Dimple skins.army,76561199433997570,3,27,73,chest,136010,Faat,76561198171814417,ak47
100,Faat,76561198171814417,0,125,0,head,136011,RME | Пацан,76561199826895670,m4a1
82,Faat,76561198171814417,5,27,35,stomach,136017,Simple Dimple skins.army,76561199433997570,m4a1
94,Simple Dimple skins.army,76561199433997570,3,27,46,chest,136017,Faat,76561198171814417,ak47
78,Faat,76561198171814417,4,22,13,chest,136023,Simple Dimple skins.army,76561199433997570,m4a1
74,Faat,76561198171814417,4,22,0,chest,136029,Simple Dimple skins.army,76561199433997570,m4a1
97,Wybaczam.oficjalnie skins.army,76561199256543526,3,22,78,chest,136129,zig,76561198274174345,galilar
100,zig,76561198274174345,0,141,0,head,136132,Wybaczam.oficjalnie skins.army,76561199256543526,ak47
100,frees.tyler,76561198002613044,0,1,99,generic,138502,Wybaczam.oficjalnie skins.army,76561199256543526,inferno
100,frees.tyler,76561198002613044,0,2,96,generic,138515,Wybaczam.oficjalnie skins.army,76561199256543526,inferno
100,frees.tyler,76561198002613044,0,3,93,generic,138528,Wybaczam.oficjalnie skins.army,76561199256543526,inferno
100,frees.tyler,76561198002613044,0,4,89,generic,138540,Wybaczam.oficjalnie skins.army,76561199256543526,inferno
100,frees.tyler,76561198002613044,0,4,84,generic,138553,Wybaczam.oficjalnie skins.army,76561199256543526,inferno
100,frees.tyler,76561198002613044,0,5,78,generic,138566,Wybaczam.oficjalnie skins.army,76561199256543526,inferno
100,frees.tyler,76561198002613044,0,6,72,generic,138579,Wybaczam.oficjalnie skins.army,76561199256543526,inferno
100,frees.tyler,76561198002613044,0,7,65,generic,138592,Wybaczam.oficjalnie skins.army,76561199256543526,inferno
100,frees.tyler,76561198002613044,0,8,57,generic,138604,Wybaczam.oficjalnie skins.army,76561199256543526,inferno
100,frees.tyler,76561198002613044,0,8,49,generic,138617,Wybaczam.oficjalnie skins.army,76561199256543526,inferno
97,Wybaczam.oficjalnie skins.army,76561199256543526,3,26,74,chest,139348,Moon,76561198049602148,ak47
82,Wybaczam.oficjalnie skins.army,76561199256543526,15,107,0,head,139367,Moon,76561198049602148,ak47
98,Moon,76561198049602148,2,4,44,generic,139439,Wybaczam.oficjalnie skins.army,76561199256543526,hegrenade
71,Simple Dimple skins.army,76561199433997570,26,40,60,generic,139476,zig,76561198274174345,hegrenade
92,Simple Dimple skins.army,76561199433997570,4,16,84,chest,139502,frees.tyler,76561198002613044,mp7
88,Simple Dimple skins.army,76561199433997570,4,16,68,left_arm,139507,frees.tyler,76561198002613044,mp7
82,Simple Dimple skins.army,76561199433997570,6,20,48,stomach,139527,frees.tyler,76561198002613044,mp7
76,Simple Dimple skins.army,76561199433997570,6,20,28,stomach,139532,frees.tyler,76561198002613044,mp7
70,Simple Dimple skins.army,76561199433997570,6,20,7,stomach,139537,frees.tyler,76561198002613044,mp7
66,Simple Dimple skins.army,76561199433997570,4,16,0,chest,139543,frees.tyler,76561198002613044,mp7
94,zig,76561198274174345,6,9,91,generic,139848,Simple Dimple skins.army,76561199433997570,hegrenade
95,zig,76561198274174345,3,5,39,generic,139848,Wybaczam.oficjalnie skins.army,76561199256543526,hegrenade
95,zig,76561198274174345,0,1,37,generic,140003,Wybaczam.oficjalnie skins.army,76561199256543526,inferno
95,zig,76561198274174345,0,2,34,generic,140016,Wybaczam.oficjalnie skins.army,76561199256543526,inferno
95,zig,76561198274174345,0,3,31,generic,140029,Wybaczam.oficjalnie skins.army,76561199256543526,inferno
95,zig,76561198274174345,0,4,27,generic,140041,Wybaczam.oficjalnie skins.army,76561199256543526,inferno
95,zig,76561198274174345,0,4,22,generic,140054,Wybaczam.oficjalnie skins.army,76561199256543526,inferno
65,Simple Dimple skins.army,76561199433997570,6,21,38,stomach,140212,zig,76561198274174345,mp7
60,Simple Dimple skins.army,76561199433997570,5,17,21,chest,140217,zig,76561198274174345,mp7
55,Simple Dimple skins.army,76561199433997570,5,17,4,chest,140222,zig,76561198274174345,mp7
78,zig,76561198274174345,16,110,0,head,140225,Simple Dimple skins.army,76561199433997570,ak47
92,zig,76561198274174345,3,26,0,right_arm,140820,Wybaczam.oficjalnie skins.army,76561199256543526,ak47
30,RME | Пацан,76561199826895670,25,285,0,head,141022,zig,76561198274174345,ssg08
100,Worfy,76561199052717313,0,1,99,generic,141085,prosto bo$$,76561199068251294,hegrenade
94,Worfy,76561199052717313,6,30,69,stomach,141598,prosto bo$$,76561199068251294,m4a1
89,Worfy,76561199052717313,5,24,45,right_arm,141625,prosto bo$$,76561199068251294,m4a1
83,Worfy,76561199052717313,6,30,15,stomach,141647,prosto bo$$,76561199068251294,m4a1
93,prosto bo$$,76561199068251294,7,90,10,stomach,141672,Worfy,76561199052717313,ssg08
88,RME | Пацан,76561199826895670,5,9,1,stomach,142138,Worfy,76561199052717313,glock
83,RME | Пацан,76561199826895670,5,9,0,stomach,142148,Worfy,76561199052717313,glock
89,RME | Пацан,76561199826895670,5,24,76,chest,143578,Faat,76561198171814417,m4a1
79,Faat,76561198171814417,4,21,0,chest,143590,prosto bo$$,76561199068251294,m4a1
84,RME | Пацан,76561199826895670,5,24,51,chest,143598,Faat,76561198171814417,m4a1
78,RME | Пацан,76561199826895670,6,30,20,stomach,143604,Faat,76561198171814417,m4a1
60,RME | Пацан,76561199826895670,18,85,0,head,143623,Faat,76561198171814417,m4a1
